0,-0.02
0.004,-0.02
0.008,-0.012
0.012,-0.016
0.016,-0.004
0.02,-0.004
0.024,0.008
0.028,0.008
0.032,0.016
0.036,0.024
0.04,0.028
0.044,0.036
0.048,0.028
0.052,0.044
0.056,0.028
0.06,0.04
0.064,0.04
0.068,0.04
0.072,0.044
0.076,0.052
0.08,0.036
0.084,0.036
0.088,0.016
0.092,0.016
0.096,0.008
0.1,0
0.104,-0.012
0.108,-0.02
0.112,-0.02
0.116,-0.032
0.12,-0.028
0.124,-0.032
0.128,-0.036
0.132,-0.032
0.136,-0.036
0.14,-0.036
0.144,-0.04
0.148,-0.032
0.152,-0.044
0.156,-0.032
0.16,-0.036
0.164,-0.028
0.168,-0.024
0.172,-0.02
0.176,-0.012
0.18,-0.016
0.184,0
0.188,-0.004
0.192,0.012
0.196,0.016
0.2,0.024
0.204,0.032
0.208,0.032
0.212,0.044
0.216,0.036
0.22,0.048
0.224,0.044
0.228,0.044
0.232,0.048
0.236,0.044
0.24,0.048
0.244,0.032
0.248,0.036
0.252,0.016
0.256,0.02
0.26,0.012
0.264,0.004
0.268,0
0.272,-0.012
0.276,-0.012
0.28,-0.028
0.284,-0.028
0.288,-0.04
0.292,-0.032
0.296,-0.04
0.3,-0.04
0.304,-0.04
0.308,-0.048
0.312,-0.044
0.316,-0.052
0.32,-0.044
0.324,-0.044
0.328,-0.036
0.332,-0.032
0.336,-0.024
0.34,-0.016
0.344,-0.024
0.348,-0.004
0.352,-0.004
0.356,0.012
0.36,0.02
0.364,0.024
0.368,0.036
0.372,0.044
0.376,0.044
0.38,0.044
0.384,0.06
0.388,0.048
0.392,0.06
0.396,0.06
0.4,0.048
0.404,0.052
0.408,0.04
0.412,0.04
0.416,0.028
0.42,0.024
0.424,0.008
0.428,0.008
0.432,0.004
0.436,-0.012
0.44,-0.016
0.444,-0.024
0.448,-0.024
0.452,-0.04
0.456,-0.036
0.46,-0.04
0.464,-0.044
0.468,-0.044
0.472,-0.052
0.476,-0.044
0.48,-0.052
0.484,-0.04
0.488,-0.048
0.492,-0.04
0.496,-0.032
0.5,-0.032
0.504,-0.02
0.508,-0.02
0.512,-0.008
0.516,-0.012
0.52,0.008
0.524,0.012
0.528,0.024
0.532,0.032
0.536,0.032
0.54,0.044
0.544,0.04
0.548,0.052
0.552,0.044
0.556,0.052
0.56,0.052
0.564,0.048
0.568,0.044
0.572,0.044
0.576,0.036
0.58,0.028
0.584,0.032
0.588,0.016
0.592,0.012
0.596,0.008
0.6,-0.008
0.604,0
0.608,-0.016
0.612,-0.02
0.616,-0.032
0.62,-0.032
0.624,-0.036
0.628,-0.044
0.632,-0.04
0.636,-0.048
0.64,-0.044
0.644,-0.052
0.648,-0.044
0.652,-0.048
0.656,-0.04
0.66,-0.036
0.664,-0.036
0.668,-0.024
0.672,-0.024
0.676,-0.012
0.68,-0.016
0.684,0.004
0.688,0.012
0.692,0.02
0.696,0.028
0.7,0.028
0.704,0.044
0.708,0.036
0.712,0.044
0.716,0.044
0.72,0.052
0.724,0.048
0.728,0.048
0.732,0.048
0.736,0.044
0.74,0.04
0.744,0.024
0.748,0.024
0.752,0.012
0.756,0.016
0.76,0.008
0.764,0
0.768,-0.012
0.772,-0.024
0.776,-0.016
0.78,-0.032
0.784,-0.032
0.788,-0.036
0.792,-0.04
0.796,-0.036
0.8,-0.044
0.804,-0.04
0.808,-0.052
0.812,-0.04
0.816,-0.044
0.82,-0.032
0.824,-0.032
0.828,-0.028
0.832,-0.02
0.836,-0.016
0.84,-0.004
0.844,-0.008
0.848,0.008
0.852,0.008
0.856,0.016
0.86,0.024
0.864,0.032
0.868,0.04
0.872,0.036
0.876,0.048
0.88,0.044
0.884,0.048
0.888,0.052
0.892,0.048
0.896,0.048
0.9,0.04
0.904,0.04
0.908,0.02
0.912,0.028
0.916,0.016
0.92,0.012
0.924,0.004
0.928,-0.004
0.932,-0.008
0.936,-0.02
0.94,-0.02
0.944,-0.036
0.948,-0.032
0.952,-0.032
0.956,-0.032
0.96,-0.036
0.964,-0.04
0.968,-0.036
0.972,-0.04
0.976,-0.028
0.98,-0.044
0.984,-0.032
0.988,-0.028
0.992,-0.02
0.996,-0.02
1,-0.02
1.004,-0.008
1.008,-0.012
1.012,0.004
1.016,0.004
1.02,0.012
1.024,0.016
1.028,0.02
1.032,0.028
1.036,0.028
1.04,0.036
1.044,0.028
1.048,0.044
1.052,0.04
1.056,0.036
1.06,0.04
1.064,0.028
1.068,0.028
1.072,0.016
1.076,0.02
1.08,0.012
1.084,0.012
1.088,0.008
1.092,0
1.096,-0.004
1.1,-0.012
1.104,-0.012
1.108,-0.024
1.112,-0.02
1.116,-0.02
1.12,-0.024
1.124,-0.02
1.128,-0.032
1.132,-0.028
1.136,-0.04
1.14,-0.032
1.144,-0.04
1.148,-0.036
1.152,-0.032
1.156,-0.04
1.16,-0.028
1.164,-0.028
1.168,-0.016
1.172,-0.024
1.176,-0.012
1.18,-0.012
1.184,-0.004
1.188,0.008
1.192,0.008
1.196,0.024
1.2,0.02
1.204,0.032
1.208,0.028
1.212,0.044
1.216,0.044
1.22,0.044
1.224,0.044
1.228,0.036
1.232,0.04
1.236,0.028
1.24,0.036
1.244,0.028
1.248,0.032
1.252,0.028
1.256,0.016
1.26,0.016
1.264,0.004
1.268,0.008
1.272,-0.004
1.276,-0.004
1.28,-0.008
1.284,-0.016
1.288,-0.02
1.292,-0.036
1.296,-0.036
1.3,-0.048
1.304,-0.048
1.308,-0.052
1.312,-0.048
1.316,-0.052
1.32,-0.052
1.324,-0.044
1.328,-0.052
1.332,-0.032
1.336,-0.04
1.34,-0.028
1.344,-0.016
1.348,-0.012
1.352,0
1.356,0.004
1.36,0.016
1.364,0.016
1.368,0.032
1.372,0.032
1.376,0.04
1.38,0.056
1.384,0.048
1.388,0.06
1.392,0.056
1.396,0.064
1.4,0.052
1.404,0.06
1.408,0.052
1.412,0.048
1.416,0.044
1.42,0.032
1.424,0.028
1.428,0.012
1.432,0.008
1.436,-0.008
1.44,-0.012
1.444,-0.024
1.448,-0.032
1.452,-0.036
1.456,-0.052
1.46,-0.056
1.464,-0.068
1.468,-0.06
1.472,-0.068
1.476,-0.068
1.48,-0.06
1.484,-0.068
1.488,-0.056
1.492,-0.06
1.496,-0.048
1.5,-0.052
1.504,-0.032
1.508,-0.016
1.512,-0.008
1.516,0
1.52,0.008
1.524,0.024
1.528,0.032
1.532,0.048
1.536,0.052
1.54,0.068
1.544,0.068
1.548,0.076
1.552,0.088
1.556,0.08
1.56,0.08
1.564,0.068
1.568,0.068
1.572,0.06
1.576,0.048
1.58,0.044
1.584,0.028
1.588,0.02
1.592,-0.004
1.596,-0.012
1.6,-0.02
1.604,-0.032
1.608,-0.04
1.612,-0.056
1.616,-0.06
1.62,-0.068
1.624,-0.064
1.628,-0.084
1.632,-0.072
1.636,-0.072
1.64,-0.076
1.644,-0.068
1.648,-0.068
1.652,-0.056
1.656,-0.06
1.66,-0.044
1.664,-0.04
1.668,-0.024
1.672,-0.004
1.676,0.004
1.68,0.02
1.684,0.028
1.688,0.044
1.692,0.048
1.696,0.072
1.7,0.076
1.704,0.084
1.708,0.088
1.712,0.084
1.716,0.088
1.72,0.076
1.724,0.08
1.728,0.06
1.732,0.06
1.736,0.044
1.74,0.032
1.744,0.02
1.748,0.004
1.752,-0.004
1.756,-0.024
1.76,-0.028
1.764,-0.04
1.768,-0.048
1.772,-0.052
1.776,-0.064
1.78,-0.064
1.784,-0.076
1.788,-0.068
1.792,-0.08
1.796,-0.072
1.8,-0.068
1.804,-0.068
1.808,-0.056
1.812,-0.052
1.816,-0.04
1.82,-0.04
1.824,-0.02
1.828,-0.012
1.832,0.008
1.836,0.02
1.84,0.028
1.844,0.044
1.848,0.048
1.852,0.064
1.856,0.06
1.86,0.076
1.864,0.076
1.868,0.076
1.872,0.076
1.876,0.068
1.88,0.068
1.884,0.052
1.888,0.052
1.892,0.032
1.896,0.028
1.9,0.02
1.904,0.008
1.908,-0.004
1.912,-0.016
1.916,-0.02
1.92,-0.036
1.924,-0.036
1.928,-0.044
1.932,-0.048
1.936,-0.052
1.94,-0.06
1.944,-0.056
1.948,-0.064
1.952,-0.056
1.956,-0.064
1.96,-0.052
1.964,-0.048
1.968,-0.04
1.972,-0.032
1.976,-0.028
1.98,-0.016
1.984,-0.012
1.988,0.008
1.992,0.008
1.996,0.024
2,0.036
2.004,0.036
2.008,0.044
2.012,0.044
2.016,0.052
2.02,0.044
2.024,0.056
2.028,0.052
2.032,0.052
2.036,0.052
2.04,0.04
2.044,0.04
2.048,0.024
2.052,0.024
2.056,0.016
2.06,0.012
2.064,0.008
2.068,-0.004
2.072,-0.008
2.076,-0.02
2.08,-0.024
2.084,-0.036
2.088,-0.036
2.092,-0.04
2.096,-0.04
2.1,-0.044
2.104,-0.044
2.108,-0.044
2.112,-0.048
2.116,-0.032
2.12,-0.04
2.124,-0.028
2.128,-0.02
2.132,-0.012
2.136,-0.004
2.14,-0.004
2.144,0.004
2.148,0.004
2.152,0.016
2.156,0.008
2.16,0.02
2.164,0.024
2.168,0.024
2.172,0.028
2.176,0.02
2.18,0.032
2.184,0.02
2.188,0.028
2.192,0.024
2.196,0.028
2.2,0.028
2.204,0.02
2.208,0.024
2.212,0.012
2.216,0.016
2.22,0.016
2.224,0.004
2.228,0.004
2.232,-0.004
2.236,-0.004
2.24,-0.012
2.244,-0.012
2.248,-0.024
2.252,-0.016
2.256,-0.02
2.26,-0.02
2.264,-0.012
2.268,-0.016
2.272,-0.012
2.276,-0.02
2.28,-0.008
2.284,-0.012
2.288,-0.008
2.292,-0.004
2.296,-0.008
2.3,-0.004
2.304,-0.012
2.308,-0.004
2.312,-0.016
2.316,-0.008
2.32,-0.008
2.324,-0.012
2.328,-0.004
2.332,-0.008
2.336,-0.004
2.34,-0.008
2.344,0.004
2.348,-0.004
2.352,0.008
2.356,0.012
2.36,0.008
2.364,0.016
2.368,0.016
2.372,0.02
2.376,0.016
2.38,0.02
2.384,0.016
2.388,0.02
2.392,0.02
2.396,0.012
2.4,0.016
2.404,0.012
2.408,0.016
2.412,0.008
2.416,0.016
2.42,0.012
2.424,0.008
2.428,0.016
2.432,0.008
2.436,0.008
2.44,0
2.444,0.004
2.448,-0.016
2.452,-0.012
2.456,-0.012
2.46,-0.02
2.464,-0.02
2.468,-0.032
2.472,-0.032
2.476,-0.044
2.48,-0.032
2.484,-0.036
2.488,-0.036
2.492,-0.032
2.496,-0.032
2.5,-0.024
2.504,-0.02
2.508,-0.012
2.512,-0.016
2.516,0
2.52,0.008
2.524,0.016
2.528,0.024
2.532,0.02
2.536,0.032
2.54,0.024
2.544,0.036
2.548,0.04
2.552,0.04
2.556,0.048
2.56,0.04
2.564,0.04
2.568,0.036
2.572,0.044
2.576,0.028
2.58,0.032
2.584,0.028
2.588,0.012
2.592,0.016
2.596,0
2.6,-0.004
2.604,-0.02
2.608,-0.02
2.612,-0.036
2.616,-0.036
2.62,-0.036
2.624,-0.052
2.628,-0.048
2.632,-0.056
2.636,-0.052
2.64,-0.06
2.644,-0.052
2.648,-0.052
2.652,-0.044
2.656,-0.036
2.66,-0.036
2.664,-0.024
2.668,-0.02
2.672,-0.008
2.676,-0.004
2.68,0.012
2.684,0.024
2.688,0.032
2.692,0.04
2.696,0.044
2.7,0.056
2.704,0.052
2.708,0.06
2.712,0.064
2.716,0.068
2.72,0.068
2.724,0.06
2.728,0.056
2.732,0.048
2.736,0.044
2.74,0.024
2.744,0.024
2.748,0.012
2.752,0.004
2.756,-0.004
2.76,-0.02
2.764,-0.028
2.768,-0.04
2.772,-0.044
2.776,-0.06
2.78,-0.056
2.784,-0.06
2.788,-0.064
2.792,-0.064
2.796,-0.068
2.8,-0.06
2.804,-0.068
2.808,-0.056
2.812,-0.052
2.816,-0.044
2.82,-0.032
2.824,-0.028
2.828,-0.012
2.832,-0.004
2.836,0.004
2.84,0.02
2.844,0.02
2.848,0.044
2.852,0.052
2.856,0.056
2.86,0.068
2.864,0.068
2.868,0.072
2.872,0.072
2.876,0.076
2.88,0.068
2.884,0.064
2.888,0.056
2.892,0.048
2.896,0.044
2.9,0.024
2.904,0.016
2.908,-0.004
2.912,0
2.916,-0.012
2.92,-0.028
2.924,-0.032
2.928,-0.044
2.932,-0.048
2.936,-0.064
2.94,-0.06
2.944,-0.064
2.948,-0.06
2.952,-0.064
2.956,-0.068
2.96,-0.06
2.964,-0.064
2.968,-0.056
2.972,-0.056
2.976,-0.04
2.98,-0.032
2.984,-0.02
2.988,-0.008
2.992,0
2.996,0.016
3,0.02
3.004,0.04
3.008,0.052
3.012,0.052
3.016,0.072
3.02,0.072
3.024,0.068
3.028,0.076
3.032,0.068
3.036,0.068
3.04,0.056
3.044,0.056
3.048,0.052
3.052,0.044
3.056,0.036
3.06,0.02
3.064,0.012
3.068,-0.004
3.072,-0.008
3.076,-0.024
3.08,-0.024
3.084,-0.032
3.088,-0.04
3.092,-0.048
3.096,-0.056
3.1,-0.052
3.104,-0.064
3.108,-0.056
3.112,-0.056
3.116,-0.06
3.12,-0.052
3.124,-0.052
3.128,-0.04
3.132,-0.044
3.136,-0.028
3.14,-0.032
3.144,-0.008
3.148,0.004
3.152,0.008
3.156,0.016
3.16,0.024
3.164,0.036
3.168,0.04
3.172,0.056
3.176,0.048
3.18,0.06
3.184,0.064
3.188,0.056
3.192,0.06
3.196,0.052
3.2,0.052
3.204,0.04
3.208,0.044
3.212,0.032
3.216,0.024
3.22,0.016
3.224,0.004
3.228,0.004
3.232,-0.016
3.236,-0.012
3.24,-0.032
3.244,-0.028
3.248,-0.032
3.252,-0.044
3.256,-0.04
3.26,-0.044
3.264,-0.044
3.268,-0.048
3.272,-0.044
3.276,-0.044
3.28,-0.04
3.284,-0.032
3.288,-0.032
3.292,-0.02
3.296,-0.02
3.3,-0.008
3.304,-0.012
3.308,0.004
3.312,0.004
3.316,0.016
3.32,0.016
3.324,0.024
3.328,0.036
3.332,0.032
3.336,0.036
3.34,0.024
3.344,0.04
3.348,0.036
3.352,0.044
3.356,0.04
3.36,0.036
3.364,0.036
3.368,0.024
3.372,0.032
3.376,0.012
3.38,0.016
3.384,0.012
3.388,0.008
3.392,0.004
3.396,-0.012
3.4,-0.008
3.404,-0.024
3.408,-0.02
3.412,-0.028
3.416,-0.024
3.42,-0.024
3.424,-0.024
3.428,-0.024
3.432,-0.028
3.436,-0.02
3.44,-0.028
3.444,-0.016
3.448,-0.028
3.452,-0.016
3.456,-0.012
3.46,-0.012
3.464,-0.008
3.468,-0.008
3.472,0
3.476,-0.008
3.48,0.004
3.484,0.004
3.488,0.008
3.492,0.008
3.496,0.008
3.5,0.016
3.504,0.008
3.508,0.02
3.512,0.016
3.516,0.02
3.52,0.024
3.524,0.024
3.528,0.024
3.532,0.016
3.536,0.02
3.54,0.012
3.544,0.016
3.548,0.012
3.552,0.012
3.556,0.012
3.56,0.008
3.564,0
3.568,-0.004
3.572,0
3.576,-0.008
3.58,0
3.584,-0.004
3.588,-0.008
3.592,-0.008
3.596,-0.012
3.6,-0.008
3.604,-0.016
3.608,-0.012
3.612,-0.024
3.616,-0.012
3.62,-0.016
3.624,-0.02
3.628,-0.02
3.632,-0.028
3.636,-0.02
3.64,-0.024
3.644,-0.02
3.648,-0.024
3.652,-0.016
3.656,-0.008
3.66,-0.012
3.664,0
3.668,0
3.672,0.008
3.676,0.004
3.68,0.016
3.684,0.016
3.688,0.02
3.692,0.028
3.696,0.024
3.7,0.032
3.704,0.024
3.708,0.032
3.712,0.024
3.716,0.032
3.72,0.028
3.724,0.024
3.728,0.024
3.732,0.02
3.736,0.016
3.74,0.012
3.744,0.008
3.748,0.008
3.752,0.004
3.756,-0.004
3.76,-0.008
3.764,-0.02
3.768,-0.016
3.772,-0.032
3.776,-0.028
3.78,-0.032
3.784,-0.036
3.788,-0.032
3.792,-0.044
3.796,-0.04
3.8,-0.04
3.804,-0.032
3.808,-0.04
3.812,-0.028
3.816,-0.02
3.82,-0.02
3.824,-0.012
3.828,-0.012
3.832,0.004
3.836,0
3.84,0.012
3.844,0.016
3.848,0.028
3.852,0.032
3.856,0.036
3.86,0.04
3.864,0.036
3.868,0.048
3.872,0.04
3.876,0.048
3.88,0.052
3.884,0.044
3.888,0.044
3.892,0.036
3.896,0.032
3.9,0.016
3.904,0.02
3.908,0.004
3.912,0
3.916,-0.008
3.92,-0.012
3.924,-0.016
3.928,-0.032
3.932,-0.032
3.936,-0.044
3.94,-0.04
3.944,-0.048
3.948,-0.044
3.952,-0.048
3.956,-0.048
3.96,-0.044
3.964,-0.048
3.968,-0.04
3.972,-0.044
3.976,-0.032
3.98,-0.024
3.984,-0.012
3.988,-0.004
3.992,-0.004
3.996,0.008
4,0.012
4.004,0.024
4.008,0.028
4.012,0.04
4.016,0.048
4.02,0.052
4.024,0.06
4.028,0.056
4.032,0.064
4.036,0.052
4.04,0.056
4.044,0.044
4.048,0.044
4.052,0.044
4.056,0.028
4.06,0.024
4.064,0.008
4.068,0.008
4.072,-0.012
4.076,-0.012
4.08,-0.024
4.084,-0.028
4.088,-0.032
4.092,-0.04
4.096,-0.044
4.1,-0.052
4.104,-0.052
4.108,-0.06
4.112,-0.052
4.116,-0.056
4.12,-0.052
4.124,-0.052
4.128,-0.048
4.132,-0.036
4.136,-0.036
4.14,-0.02
4.144,-0.024
4.148,-0.004
4.152,0.008
4.156,0.012
4.16,0.024
4.164,0.024
4.168,0.04
4.172,0.036
4.176,0.052
4.18,0.052
4.184,0.056
4.188,0.06
4.192,0.056
4.196,0.06
4.2,0.044
4.204,0.048
4.208,0.036
4.212,0.036
4.216,0.024
4.22,0.016
4.224,0.012
4.228,0.004
4.232,-0.004
4.236,-0.02
4.24,-0.02
4.244,-0.036
4.248,-0.032
4.252,-0.036
4.256,-0.048
4.26,-0.044
4.264,-0.052
4.268,-0.044
4.272,-0.056
4.276,-0.044
4.28,-0.048
4.284,-0.04
4.288,-0.036
4.292,-0.032
4.296,-0.024
4.3,-0.02
4.304,-0.008
4.308,-0.008
4.312,0.004
4.316,0.012
4.32,0.02
4.324,0.028
4.328,0.036
4.332,0.044
4.336,0.04
4.34,0.048
4.344,0.044
4.348,0.056
4.352,0.052
4.356,0.048
4.36,0.044
4.364,0.036
4.368,0.036
4.372,0.02
4.376,0.024
4.38,0.016
4.384,0.008
4.388,0
4.392,-0.008
4.396,-0.012
4.4,-0.024
4.404,-0.02
4.408,-0.036
4.412,-0.032
4.416,-0.032
4.42,-0.04
4.424,-0.04
4.428,-0.044
4.432,-0.04
4.436,-0.048
4.44,-0.032
4.444,-0.032
4.448,-0.024
4.452,-0.024
4.456,-0.02
4.46,-0.012
4.464,-0.012
4.468,0
4.472,0
4.476,0.008
4.48,0.016
4.484,0.02
4.488,0.032
4.492,0.024
4.496,0.036
4.5,0.028
4.504,0.04
4.508,0.036
4.512,0.036
4.516,0.036
4.52,0.032
4.524,0.028
4.528,0.024
4.532,0.028
4.536,0.012
4.54,0.016
4.544,0.008
4.548,0
4.552,0.004
4.556,-0.008
4.56,-0.008
4.564,-0.024
4.568,-0.02
4.572,-0.02
4.576,-0.028
4.58,-0.024
4.584,-0.028
4.588,-0.028
4.592,-0.032
4.596,-0.024
4.6,-0.032
4.604,-0.02
4.608,-0.02
4.612,-0.02
4.616,-0.012
4.62,-0.012
4.624,-0.004
4.628,-0.008
4.632,0
4.636,-0.004
4.64,0.004
4.644,0.008
4.648,0.008
4.652,0.016
4.656,0.016
4.66,0.024
4.664,0.016
4.668,0.028
4.672,0.016
4.676,0.024
4.68,0.028
4.684,0.02
4.688,0.024
4.692,0.016
4.696,0.024
4.7,0.008
4.704,0.016
4.708,0.012
4.712,0.008
4.716,0.004
4.72,-0.004
4.724,-0.004
4.728,-0.008
4.732,-0.008
4.736,-0.02
4.74,-0.012
4.744,-0.012
4.748,-0.016
4.752,-0.012
4.756,-0.024
4.76,-0.012
4.764,-0.02
4.768,-0.012
4.772,-0.016
4.776,-0.016
4.78,-0.016
4.784,-0.016
4.788,-0.012
4.792,-0.016
4.796,-0.012
4.8,-0.02
4.804,-0.004
4.808,-0.004
4.812,0
4.816,0.004
4.82,0.004
4.824,0.012
4.828,0.008
4.832,0.02
4.836,0.012
4.84,0.02
4.844,0.02
4.848,0.024
4.852,0.028
4.856,0.024
4.86,0.024
4.864,0.016
4.868,0.024
4.872,0.012
4.876,0.016
4.88,0.016
4.884,0.008
4.888,0.012
4.892,0.004
4.896,0.008
4.9,-0.004
4.904,0
4.908,0
4.912,-0.004
4.916,-0.008
4.92,-0.012
4.924,-0.012
4.928,-0.024
4.932,-0.02
4.936,-0.032
4.94,-0.02
4.944,-0.02
4.948,-0.028
4.952,-0.024
4.956,-0.024
4.96,-0.024
4.964,-0.028
4.968,-0.016
4.972,-0.02
4.976,-0.012
4.98,-0.004
4.984,-0.004
4.988,0.008
4.992,0.004
4.996,0.012
5,0.008
5.004,0.024
5.008,0.02
5.012,0.028
5.016,0.032
5.02,0.028
5.024,0.032
5.028,0.024
5.032,0.032
5.036,0.024
5.04,0.028
5.044,0.028
5.048,0.024
5.052,0.024
5.056,0.012
5.06,0.016
5.064,0
5.068,0.004
5.072,-0.004
5.076,-0.008
5.08,-0.012
5.084,-0.02
5.088,-0.02
5.092,-0.028
5.096,-0.028
5.1,-0.04
5.104,-0.04
5.108,-0.032
5.112,-0.032
5.116,-0.036
5.12,-0.032
5.124,-0.036
5.128,-0.024
5.132,-0.028
5.136,-0.012
5.14,-0.016
5.144,-0.008
5.148,0
5.152,0
5.156,0.008
5.16,0.012
5.164,0.02
5.168,0.016
5.172,0.032
5.176,0.036
5.18,0.036
5.184,0.044
5.188,0.036
5.192,0.044
5.196,0.032
5.2,0.04
5.204,0.028
5.208,0.032
5.212,0.028
5.216,0.02
5.22,0.02
5.224,0.008
5.228,0.004
5.232,-0.012
5.236,-0.016
5.24,-0.024
5.244,-0.02
5.248,-0.028
5.252,-0.032
5.256,-0.032
5.26,-0.044
5.264,-0.04
5.268,-0.048
5.272,-0.04
5.276,-0.04
5.28,-0.04
5.284,-0.032
5.288,-0.032
5.292,-0.024
5.296,-0.028
5.3,-0.016
5.304,-0.012
5.308,-0.004
5.312,0.004
5.316,0.008
5.32,0.02
5.324,0.02
5.328,0.032
5.332,0.032
5.336,0.04
5.34,0.04
5.344,0.044
5.348,0.048
5.352,0.044
5.356,0.044
5.36,0.036
5.364,0.04
5.368,0.028
5.372,0.032
5.376,0.02
5.38,0.012
5.384,0.008
5.388,-0.004
5.392,-0.004
5.396,-0.02
5.4,-0.016
5.404,-0.028
5.408,-0.028
5.412,-0.032
5.416,-0.036
5.42,-0.032
5.424,-0.04
5.428,-0.036
5.432,-0.048
5.436,-0.036
5.44,-0.036
5.444,-0.032
5.448,-0.024
5.452,-0.028
5.456,-0.016
5.46,-0.02
5.464,-0.004
5.468,-0.004
5.472,0.008
5.476,0.012
5.48,0.016
5.484,0.024
5.488,0.028
5.492,0.036
5.496,0.032
5.5,0.044
5.504,0.044
5.508,0.044
5.512,0.048
5.516,0.04
5.52,0.044
5.524,0.028
5.528,0.028
5.532,0.016
5.536,0.02
5.54,0.012
5.544,0.008
5.548,0.004
5.552,-0.008
5.556,-0.008
5.56,-0.02
5.564,-0.016
5.568,-0.02
5.572,-0.028
5.576,-0.028
5.58,-0.032
5.584,-0.028
5.588,-0.04
5.592,-0.032
5.596,-0.04
5.6,-0.028
5.604,-0.024
5.608,-0.024
5.612,-0.016
5.616,-0.016
5.62,-0.008
5.624,-0.012
5.628,0.004
5.632,0.004
5.636,0.012
5.64,0.02
5.644,0.02
5.648,0.028
5.652,0.024
5.656,0.036
5.66,0.024
5.664,0.036
5.668,0.036
5.672,0.036
5.676,0.032
5.68,0.032
5.684,0.028
5.688,0.016
5.692,0.02
5.696,0.008
5.7,0.012
5.704,0.008
5.708,0.004
5.712,0
5.716,-0.008
5.72,-0.008
5.724,-0.024
5.728,-0.016
5.732,-0.02
5.736,-0.024
5.74,-0.024
5.744,-0.032
5.748,-0.024
5.752,-0.028
5.756,-0.024
5.76,-0.032
5.764,-0.02
5.768,-0.016
5.772,-0.016
5.776,-0.012
5.78,-0.012
5.784,-0.004
5.788,-0.008
5.792,0.004
5.796,0.004
5.8,0.008
5.804,0.012
5.808,0.008
5.812,0.02
5.816,0.016
5.82,0.024
5.824,0.016
5.828,0.024
5.832,0.028
5.836,0.024
5.84,0.024
5.844,0.016
5.848,0.02
5.852,0.008
5.856,0.016
5.86,0.008
5.864,0.008
5.868,0.008
5.872,0
5.876,-0.004
5.88,-0.008
5.884,-0.004
5.888,-0.016
5.892,-0.012
5.896,-0.012
5.9,-0.012
5.904,-0.008
5.908,-0.012
5.912,-0.012
5.916,-0.02
5.92,-0.008
5.924,-0.02
5.928,-0.012
5.932,-0.008
5.936,-0.012
5.94,-0.004
5.944,-0.012
5.948,-0.004
5.952,-0.012
5.956,-0.004
5.96,-0.004
5.964,0
5.968,0.004
5.972,0.004
5.976,0.008
5.98,0.008
5.984,0.012
5.988,0.004
5.992,0.02
5.996,0.016
6,0.016
6.004,0.024
6.008,0.016
6.012,0.02
6.016,0.012
6.02,0.016
6.024,0.008
6.028,0.012
6.032,0.008
6.036,0.008
6.04,0.012
6.044,0.004
6.048,0.004
6.052,-0.008
6.056,0
6.06,-0.008
6.064,-0.004
6.068,-0.004
6.072,-0.012
6.076,-0.012
6.08,-0.016
6.084,-0.012
6.088,-0.02
6.092,-0.012
6.096,-0.016
6.1,-0.02
6.104,-0.012
6.108,-0.016
6.112,-0.012
6.116,-0.02
6.12,-0.008
6.124,-0.016
6.128,-0.008
6.132,0
6.136,-0.004
6.14,-0.004
6.144,0.004
6.148,0.008
6.152,0.004
6.156,0.02
6.16,0.012
6.164,0.016
6.168,0.02
6.172,0.016
6.176,0.024
6.18,0.016
6.184,0.02
6.188,0.016
6.192,0.02
6.196,0.016
6.2,0.016
6.204,0.016
6.208,0.008
6.212,0.012
6.216,0
6.22,0.004
6.224,-0.008
6.228,0
6.232,-0.004
6.236,-0.008
6.24,-0.012
6.244,-0.016
6.248,-0.016
6.252,-0.024
6.256,-0.016
6.26,-0.024
6.264,-0.024
6.268,-0.016
6.272,-0.024
6.276,-0.02
6.28,-0.028
6.284,-0.016
6.288,-0.016
6.292,-0.008
6.296,-0.012
6.3,-0.008
6.304,0
6.308,0
6.312,0.008
6.316,0.004
6.32,0.016
6.324,0.016
6.328,0.024
6.332,0.024
6.336,0.024
6.34,0.028
6.344,0.024
6.348,0.028
6.352,0.016
6.356,0.028
6.36,0.024
6.364,0.024
6.368,0.02
6.372,0.016
6.376,0.016
6.38,0
6.384,0.004
6.388,-0.004
6.392,-0.008
6.396,-0.008
6.4,-0.012
6.404,-0.016
6.408,-0.02
6.412,-0.016
6.416,-0.032
6.42,-0.028
6.424,-0.036
6.428,-0.028
6.432,-0.024
6.436,-0.032
6.44,-0.024
6.444,-0.028
6.448,-0.02
6.452,-0.024
6.456,-0.012
6.46,-0.004
6.464,-0.004
6.468,0.008
6.472,0.008
6.476,0.008
6.48,0.02
6.484,0.012
6.488,0.028
6.492,0.024
6.496,0.036
6.5,0.036
6.504,0.04
6.508,0.028
6.512,0.036
6.516,0.024
6.52,0.032
6.524,0.02
6.528,0.02
6.532,0.016
6.536,0.016
6.54,0.012
6.544,0
6.548,0
6.552,-0.016
6.556,-0.012
6.56,-0.02
6.564,-0.02
6.568,-0.02
6.572,-0.024
6.576,-0.024
6.58,-0.032
6.584,-0.028
6.588,-0.04
6.592,-0.028
6.596,-0.028
6.6,-0.028
6.604,-0.02
6.608,-0.024
6.612,-0.012
6.616,-0.02
6.62,-0.004
6.624,-0.012
6.628,0
6.632,0.008
6.636,0.008
6.64,0.02
6.644,0.016
6.648,0.028
6.652,0.02
6.656,0.028
6.66,0.028
6.664,0.036
6.668,0.036
6.672,0.032
6.676,0.032
6.68,0.02
6.684,0.024
6.688,0.016
6.692,0.02
6.696,0.012
6.7,0.008
6.704,0.008
6.708,-0.004
6.712,-0.004
6.716,-0.016
6.72,-0.012
6.724,-0.02
6.728,-0.02
6.732,-0.02
6.736,-0.024
6.74,-0.024
6.744,-0.032
6.748,-0.024
6.752,-0.032
6.756,-0.032
6.76,-0.024
6.764,-0.02
6.768,-0.02
6.772,-0.016
6.776,-0.016
6.78,-0.008
6.784,-0.012
6.788,0
6.792,0
6.796,0.012
6.8,0.016
6.804,0.016
6.808,0.024
6.812,0.02
6.816,0.028
6.82,0.02
6.824,0.032
6.828,0.028
6.832,0.028
6.836,0.032
6.84,0.024
6.844,0.024
6.848,0.012
6.852,0.016
6.856,0.004
6.86,0.008
6.864,0.004
6.868,0
6.872,-0.004
6.876,-0.008
6.88,-0.008
6.884,-0.02
6.888,-0.016
6.892,-0.024
6.896,-0.02
6.9,-0.02
6.904,-0.02
6.908,-0.02
6.912,-0.024
6.916,-0.02
6.92,-0.028
6.924,-0.016
6.928,-0.016
6.932,-0.012
6.936,-0.008
6.94,-0.012
6.944,-0.004
6.948,-0.008
6.952,0.008
6.956,0
6.96,0.012
6.964,0.016
6.968,0.016
6.972,0.02
6.976,0.016
6.98,0.02
6.984,0.012
6.988,0.024
6.992,0.02
6.996,0.02
7,0.024
7.004,0.016
7.008,0.016
7.012,0.008
7.016,0.016
7.02,0
7.024,0.008
7.028,0.004
7.032,-0.004
7.036,0
7.04,-0.012
7.044,-0.008
7.048,-0.02
7.052,-0.012
7.056,-0.012
7.06,-0.016
7.064,-0.012
7.068,-0.02
7.072,-0.012
7.076,-0.02
7.08,-0.016
7.084,-0.024
7.088,-0.012
7.092,-0.016
7.096,-0.008
7.1,-0.008
7.104,-0.008
7.108,0
7.112,-0.008
7.116,0.004
7.12,-0.004
7.124,0.008
7.128,0.008
7.132,0.012
7.136,0.012
7.14,0.012
7.144,0.016
7.148,0.008
7.152,0.02
7.156,0.012
7.16,0.02
7.164,0.02
7.168,0.012
7.172,0.016
7.176,0.008
7.18,0.012
7.184,0
7.188,0.008
7.192,0.008
7.196,0.008
7.2,0.004
7.204,-0.004
7.208,0
7.212,-0.012
7.216,-0.008
7.22,-0.012
7.224,-0.008
7.228,-0.008
7.232,-0.012
7.236,-0.008
7.24,-0.016
7.244,-0.008
7.248,-0.02
7.252,-0.008
7.256,-0.012
7.26,-0.012
7.264,-0.008
7.268,-0.016
7.272,-0.004
7.276,-0.012
7.28,-0.004
7.284,-0.004
7.288,-0.004
7.292,0.004
7.296,0.004
7.3,0.008
7.304,0.004
7.308,0.012
7.312,0.008
7.316,0.016
7.32,0.016
7.324,0.016
7.328,0.016
7.332,0.016
7.336,0.02
7.34,0.012
7.344,0.016
7.348,0.008
7.352,0.016
7.356,0.008
7.36,0.008
7.364,0.012
7.368,0.004
7.372,0.008
7.376,-0.004
7.38,0
7.384,-0.008
7.388,-0.004
7.392,-0.004
7.396,-0.012
7.4,-0.008
7.404,-0.016
7.408,-0.012
7.412,-0.024
7.416,-0.016
7.42,-0.016
7.424,-0.02
7.428,-0.016
7.432,-0.024
7.436,-0.012
7.44,-0.02
7.444,-0.008
7.448,-0.016
7.452,-0.004
7.456,-0.004
7.46,-0.004
7.464,0.004
7.468,0.004
7.472,0.008
7.476,0.004
7.48,0.012
7.484,0.016
7.488,0.016
7.492,0.016
7.496,0.02
7.5,0.024
7.504,0.012
7.508,0.02
7.512,0.012
7.516,0.02
7.52,0.02
7.524,0.016
7.528,0.016
7.532,0.008
7.536,0.008
7.54,0
7.544,0.004
7.548,-0.004
7.552,-0.008
7.556,-0.012
7.56,-0.016
7.564,-0.016
7.568,-0.02
7.572,-0.016
7.576,-0.028
7.58,-0.02
7.584,-0.024
7.588,-0.02
7.592,-0.02
7.596,-0.024
7.6,-0.02
7.604,-0.024
7.608,-0.012
7.612,-0.02
7.616,-0.008
7.62,-0.004
7.624,-0.004
7.628,0.004
7.632,0.004
7.636,0.012
7.64,0.004
7.644,0.02
7.648,0.02
7.652,0.024
7.656,0.032
7.66,0.024
7.664,0.032
7.668,0.024
7.672,0.032
7.676,0.016
7.68,0.024
7.684,0.024
7.688,0.012
7.692,0.016
7.696,0.008
7.7,0.008
7.704,-0.004
7.708,0
7.712,-0.008
7.716,-0.012
7.72,-0.012
7.724,-0.02
7.728,-0.02
7.732,-0.032
7.736,-0.02
7.74,-0.036
7.744,-0.024
7.748,-0.024
7.752,-0.028
7.756,-0.02
7.76,-0.024
7.764,-0.02
7.768,-0.028
7.772,-0.012
7.776,-0.016
7.78,-0.012
7.784,-0.004
7.788,0
7.792,0.008
7.796,0.004
7.8,0.02
7.804,0.012
7.808,0.024
7.812,0.028
7.816,0.028
7.82,0.032
7.824,0.024
7.828,0.024
7.832,0.028
7.836,0.02
7.84,0.024
7.844,0.024
7.848,0.02
7.852,0.02
7.856,0.008
7.86,0.016
7.864,-0.004
7.868,0
7.872,-0.012
7.876,-0.012
7.88,-0.012
7.884,-0.02
7.888,-0.016
7.892,-0.028
7.896,-0.02
7.9,-0.032
7.904,-0.024
7.908,-0.028
7.912,-0.024
7.916,-0.024
7.92,-0.028
7.924,-0.02
7.928,-0.024
7.932,-0.012
7.936,-0.012
7.94,-0.008
7.944,0
7.948,0.004
7.952,0.008
7.956,0.008
7.96,0.016
7.964,0.012
7.968,0.02
7.972,0.024
7.976,0.028
7.98,0.032
7.984,0.024
7.988,0.032
7.992,0.024
7.996,0.028
8,0.016
8.004,0.024
8.008,0.016
8.012,0.012
8.016,0.012
8.02,0.008
8.024,0.008
8.028,-0.004
8.032,0
8.036,-0.016
8.04,-0.012
8.044,-0.016
8.048,-0.016
8.052,-0.02
8.056,-0.024
8.06,-0.02
8.064,-0.032
8.068,-0.024
8.072,-0.028
8.076,-0.024
8.08,-0.02
8.084,-0.02
8.088,-0.016
8.092,-0.02
8.096,-0.012
8.1,-0.016
8.104,0
8.108,0.004
8.112,0.004
8.116,0.012
8.12,0.012
8.124,0.02
8.128,0.016
8.132,0.024
8.136,0.016
8.14,0.024
8.144,0.024
8.148,0.02
8.152,0.028
8.156,0.016
8.16,0.024
8.164,0.008
8.168,0.016
8.172,0.012
8.176,0.012
8.18,0.008
8.184,0.004
8.188,0.004
8.192,-0.004
8.196,0
8.2,-0.016
8.204,-0.012
8.208,-0.012
8.212,-0.016
8.216,-0.02
8.22,-0.024
8.224,-0.016
8.228,-0.024
8.232,-0.016
8.236,-0.02
8.24,-0.016
8.244,-0.016
8.248,-0.012
8.252,-0.008
8.256,-0.012
8.26,-0.008
8.264,-0.016
8.268,-0.004
8.272,0
8.276,0
8.28,0.008
8.284,0.008
8.288,0.012
8.292,0.008
8.296,0.016
8.3,0.008
8.304,0.02
8.308,0.016
8.312,0.016
8.316,0.02
8.32,0.016
8.324,0.016
8.328,0.008
8.332,0.008
8.336,0.004
8.34,0.008
8.344,0.008
8.348,0.004
8.352,0.004
8.356,-0.004
8.36,0
8.364,-0.008
8.368,-0.004
8.372,-0.004
8.376,-0.012
8.38,-0.008
8.384,-0.016
8.388,-0.008
8.392,-0.016
8.396,-0.008
8.4,-0.02
8.404,-0.012
8.408,-0.008
8.412,-0.012
8.416,-0.008
8.42,-0.012
8.424,-0.008
8.428,-0.012
8.432,0
8.436,-0.004
8.44,0
8.444,0.004
8.448,0
8.452,0.008
8.456,0.008
8.46,0.012
8.464,0.008
8.468,0.016
8.472,0.016
8.476,0.016
8.48,0.016
8.484,0.012
8.488,0.02
8.492,0.008
8.496,0.012
8.5,0.008
8.504,0.012
8.508,0.012
8.512,0.004
8.516,0.008
8.52,0
8.524,0.008
8.528,-0.004
8.532,0.004
8.536,0
8.54,-0.004
8.544,0
8.548,-0.008
8.552,-0.004
8.556,-0.016
8.56,-0.008
8.564,-0.02
8.568,-0.008
8.572,-0.012
8.576,-0.016
8.58,-0.008
8.584,-0.016
8.588,-0.012
8.592,-0.02
8.596,-0.012
8.6,-0.008
8.604,-0.004
8.608,-0.004
8.612,-0.004
8.616,0
8.62,0.004
8.624,0.008
8.628,0
8.632,0.012
8.636,0.012
8.64,0.012
8.644,0.016
8.648,0.012
8.652,0.02
8.656,0.008
8.66,0.02
8.664,0.016
8.668,0.016
8.672,0.016
8.676,0.016
8.68,0.016
8.684,0.004
8.688,0.008
8.692,0
8.696,0.008
8.7,0.004
8.704,-0.004
8.708,-0.004
8.712,-0.008
8.716,-0.004
8.72,-0.02
8.724,-0.008
8.728,-0.02
8.732,-0.016
8.736,-0.016
8.74,-0.02
8.744,-0.016
8.748,-0.024
8.752,-0.016
8.756,-0.024
8.76,-0.016
8.764,-0.012
8.768,-0.008
8.772,-0.008
8.776,-0.008
8.78,0
8.784,-0.004
8.788,0.004
8.792,0
8.796,0.008
8.8,0.012
8.804,0.016
8.808,0.016
8.812,0.016
8.816,0.024
8.82,0.012
8.824,0.02
8.828,0.02
8.832,0.024
8.836,0.016
8.84,0.02
8.844,0.012
8.848,0.016
8.852,0
8.856,0.008
8.86,0.008
8.864,0
8.868,-0.004
8.872,-0.008
8.876,-0.004
8.88,-0.016
8.884,-0.012
8.888,-0.024
8.892,-0.012
8.896,-0.02
8.9,-0.024
8.904,-0.02
8.908,-0.024
8.912,-0.02
8.916,-0.024
8.92,-0.016
8.924,-0.02
8.928,-0.016
8.932,-0.008
8.936,-0.012
8.94,-0.004
8.944,-0.008
8.948,0.008
8.952,-0.512
8.956,-0.512
8.96,-0.512
8.964,-0.512
8.968,-0.512
8.972,-0.512
8.976,-0.512
8.98,-0.512
8.984,-0.512
8.988,-0.512
8.992,-0.512
8.996,-0.512
9,-0.512
9.004,-0.512
9.008,-0.512
9.012,-0.512
9.016,-0.512
9.02,-0.512
9.024,-0.512
9.028,-0.512
9.032,-0.512
9.036,-0.512
9.04,-0.512
9.044,-0.512
9.048,-0.512
9.052,-0.512
9.056,-0.512
9.06,-0.512
9.064,-0.512
9.068,-0.512
9.072,-0.512
9.076,-0.512
9.08,-0.512
9.084,-0.512
9.088,-0.512
9.092,-0.512
9.096,-0.512
9.1,-0.512
9.104,-0.512
9.108,-0.512
9.112,-0.512
9.116,-0.512
9.12,-0.512
9.124,-0.512
9.128,-0.512
9.132,-0.512
9.136,-0.512
9.14,-0.512
9.144,-0.512
9.148,-0.512
9.152,-0.512
9.156,-0.512
9.16,-0.512
9.164,-0.512
9.168,-0.512
9.172,-0.512
9.176,-0.512
9.18,-0.512
9.184,-0.512
9.188,-0.512
9.192,-0.512
9.196,-0.512
9.2,-0.512
9.204,-0.512
9.208,-0.512
9.212,-0.512
9.216,-0.512
9.22,-0.512
9.224,-0.512
9.228,-0.512
9.232,-0.512
9.236,-0.512
9.24,-0.512
9.244,-0.512
9.248,-0.512
9.252,-0.512
9.256,-0.512
9.26,-0.512
9.264,-0.512
9.268,-0.512
9.272,-0.512
9.276,-0.512
9.28,-0.512
9.284,-0.512
9.288,-0.512
9.292,-0.512
9.296,-0.512
9.3,-0.512
9.304,-0.512
9.308,-0.512
9.312,-0.512
9.316,-0.512
9.32,-0.512
9.324,-0.512
9.328,-0.512
9.332,-0.512
9.336,-0.512
9.34,-0.512
9.344,-0.512
9.348,-0.512
9.352,-0.512
9.356,-0.512
9.36,-0.512
9.364,-0.512
9.368,-0.512
9.372,-0.512
9.376,-0.512
9.38,-0.512
9.384,-0.512
9.388,-0.512
9.392,-0.512
9.396,-0.512
9.4,-0.512
9.404,-0.512
9.408,-0.512
9.412,-0.512
9.416,-0.512
9.42,-0.512
9.424,-0.512
9.428,-0.512
9.432,-0.512
9.436,-0.512
9.44,-0.512
9.444,-0.512
9.448,-0.512
9.452,-0.512
9.456,-0.512
9.46,-0.512
9.464,-0.512
9.468,-0.512
9.472,-0.512
9.476,-0.512
9.48,-0.512
9.484,-0.512
9.488,-0.512
9.492,-0.512
9.496,-0.512
9.5,-0.512
9.504,-0.512
9.508,-0.512
9.512,-0.512
9.516,-0.512
9.52,-0.512
9.524,-0.512
9.528,-0.512
9.532,-0.512
9.536,-0.512
9.54,-0.512
9.544,-0.512
9.548,-0.512
9.552,-0.512
9.556,-0.512
9.56,-0.512
9.564,-0.512
9.568,-0.512
9.572,-0.512
9.576,-0.512
9.58,-0.512
9.584,-0.512
9.588,-0.512
9.592,-0.512
9.596,-0.512
9.6,-0.512
9.604,-0.512
9.608,-0.512
9.612,-0.512
9.616,-0.512
9.62,-0.512
9.624,-0.512
9.628,-0.512
9.632,-0.512
9.636,-0.512
9.64,-0.512
9.644,-0.512
9.648,-0.512
9.652,-0.512
9.656,-0.512
9.66,-0.512
9.664,-0.512
9.668,-0.512
9.672,-0.512
9.676,-0.512
9.68,-0.512
9.684,-0.512
9.688,-0.512
9.692,-0.512
9.696,-0.512
9.7,-0.512
9.704,-0.512
9.708,-0.512
9.712,-0.512
9.716,-0.512
9.72,-0.512
9.724,-0.512
9.728,-0.512
9.732,-0.512
9.736,-0.512
9.74,-0.512
9.744,-0.512
9.748,-0.512
9.752,-0.512
9.756,-0.512
9.76,-0.512
9.764,-0.512
9.768,-0.512
9.772,-0.512
9.776,-0.512
9.78,-0.512
9.784,-0.512
9.788,-0.512
9.792,-0.512
9.796,-0.512
9.8,-0.512
9.804,-0.512
9.808,-0.512
9.812,-0.512
9.816,-0.512
9.82,-0.512
9.824,-0.512
9.828,-0.512
9.832,-0.512
9.836,-0.512
9.84,-0.512
9.844,-0.512
9.848,-0.512
9.852,-0.512
9.856,-0.512
9.86,-0.512
9.864,-0.512
9.868,-0.512
9.872,-0.512
9.876,-0.512
9.88,-0.512
9.884,-0.512
9.888,-0.512
9.892,-0.512
9.896,-0.512
9.9,-0.512
9.904,-0.512
9.908,-0.512
9.912,-0.512
9.916,-0.512
9.92,-0.512
9.924,-0.512
9.928,-0.512
9.932,-0.512
9.936,-0.512
9.94,-0.512
9.944,-0.512
9.948,-0.512
9.952,-0.512
9.956,-0.512
9.96,-0.512
9.964,-0.512
9.968,-0.512
9.972,-0.512
9.976,-0.512
9.98,-0.512
9.984,-0.512
9.988,-0.512
9.992,-0.512
9.996,-0.512
