1.235,-0.07
1.2351,-0.076
1.2352,-0.09
1.2353,-0.07
1.2354,-0.076
1.2355,-0.068
1.2356,-0.026
1.2357,-0.022
1.2358,-0.01
1.2359,0.02
1.236,0.07
1.2361,0.05
1.2362,0.048
1.2363,0.072
1.2364,0.084
1.2365,0.074
1.2366,0.058
1.2367,0.05
1.2368,0.042
1.2369,0.026
1.237,0
1.2371,-0.006
1.2372,-0.026
1.2373,-0.034
1.2374,-0.038
1.2375,-0.028
1.2376,-0.044
1.2377,-0.05
1.2378,-0.038
1.2379,-0.022
1.238,-0.01
1.2381,-0.008
1.2382,0.008
1.2383,0.014
1.2384,0.024
1.2385,0.028
1.2386,0.032
1.2387,0.03
1.2388,0.034
1.2389,0.032
1.239,0.032
1.2391,0.02
1.2392,-0.006
1.2393,-0.01
1.2394,-0.008
1.2395,-0.008
1.2396,-0.02
1.2397,-0.026
1.2398,-0.024
1.2399,-0.026
1.24,-0.02
1.2401,-0.016
1.2402,-0.008
1.2403,0.004
1.2404,0.004
1.2405,0.004
1.2406,-0.006
1.2407,-0.008
1.2408,-0.002
1.2409,-0.006
1.241,-0.006
1.2411,-0.02
1.2412,-0.046
1.2413,-0.11
1.2414,-0.076
1.2415,-0.036
1.2416,-0.076
1.2417,-0.102
1.2418,-0.068
1.2419,-0.004
1.242,-0.014
1.2421,0.008
1.2422,0.03
1.2423,0.03
1.2424,0.084
1.2425,0.104
1.2426,0.128
1.2427,0.104
1.2428,0.084
1.2429,0.106
1.243,0.102
1.2431,0.092
1.2432,0.038
1.2433,0.016
1.2434,0.026
1.2435,-0.012
1.2436,-0.028
1.2437,-0.062
1.2438,-0.076
1.2439,-0.076
1.244,-0.072
1.2441,-0.048
1.2442,-0.076
1.2443,-0.068
1.2444,-0.048
1.2445,-0.018
1.2446,0.01
1.2447,0.002
1.2448,0.028
1.2449,0.042
1.245,0.058
1.2451,0.058
1.2452,0.052
1.2453,0.054
1.2454,0.046
1.2455,0.048
1.2456,0.04
1.2457,0.012
1.2458,-0.016
1.2459,-0.032
1.246,-0.028
1.2461,-0.038
1.2462,-0.07
1.2463,-0.08
1.2464,-0.072
1.2465,-0.096
1.2466,-0.074
1.2467,-0.036
1.2468,-0.03
1.2469,-0.054
1.247,0.006
1.2471,0.058
1.2472,0.034
1.2473,0.028
1.2474,0.05
1.2475,0.076
1.2476,0.072
1.2477,0.072
1.2478,0.058
1.2479,0.052
1.248,0.03
1.2481,0.024
1.2482,0.014
1.2483,-0.006
1.2484,-0.028
1.2485,-0.026
1.2486,-0.018
1.2487,-0.04
1.2488,-0.052
1.2489,-0.046
1.249,-0.028
1.2491,-0.024
1.2492,-0.012
1.2493,-0.006
1.2494,-0.002
1.2495,0.004
1.2496,0.02
1.2497,0.032
1.2498,0.026
1.2499,0.028
1.25,0.036
1.2501,0.038
1.2502,0.022
1.2503,0.008
1.2504,0.004
1.2505,0.004
1.2506,-0.002
1.2507,-0.008
1.2508,-0.02
1.2509,-0.028
1.251,-0.032
1.2511,-0.022
1.2512,-0.018
1.2513,-0.018
1.2514,-0.008
1.2515,0.002
1.2516,0
1.2517,-0.008
1.2518,-0.008
1.2519,-0.002
1.252,-0.004
1.2521,-0.002
1.2522,-0.002
1.2523,-0.018
1.2524,-0.05
1.2525,-0.104
1.2526,-0.068
1.2527,-0.018
1.2528,-0.048
1.2529,-0.09
1.253,-0.066
1.2531,0.002
1.2532,-0.01
1.2533,0.008
1.2534,0.032
1.2535,0.036
1.2536,0.074
1.2537,0.098
1.2538,0.116
1.2539,0.086
1.254,0.072
1.2541,0.096
1.2542,0.098
1.2543,0.088
1.2544,0.038
1.2545,0.012
1.2546,0.012
1.2547,-0.012
1.2548,-0.026
1.2549,-0.054
1.255,-0.068
1.2551,-0.068
1.2552,-0.064
1.2553,-0.048
1.2554,-0.074
1.2555,-0.066
1.2556,-0.044
1.2557,-0.008
1.2558,0.012
1.2559,0.004
1.256,0.022
1.2561,0.03
1.2562,0.048
1.2563,0.056
1.2564,0.052
1.2565,0.048
1.2566,0.042
1.2567,0.04
1.2568,0.028
1.2569,0.006
1.257,-0.012
1.2571,-0.022
1.2572,-0.026
1.2573,-0.054
1.2574,-0.072
1.2575,-0.068
1.2576,-0.092
1.2577,-0.058
1.2578,-0.054
1.2579,-0.04
1.258,-0.052
1.2581,0.002
1.2582,0.028
1.2583,0.016
1.2584,0.03
1.2585,0.046
1.2586,0.07
1.2587,0.072
1.2588,0.07
1.2589,0.056
1.259,0.052
1.2591,0.036
1.2592,0.04
1.2593,0.02
1.2594,0.006
1.2595,-0.018
1.2596,-0.016
1.2597,-0.018
1.2598,-0.044
1.2599,-0.046
1.26,-0.044
1.2601,-0.028
1.2602,-0.026
1.2603,-0.018
1.2604,-0.016
1.2605,-0.012
1.2606,0.004
1.2607,0.02
1.2608,0.024
1.2609,0.026
1.261,0.032
1.2611,0.038
1.2612,0.032
1.2613,0.02
1.2614,0.012
1.2615,0.008
1.2616,0.008
1.2617,0.004
1.2618,-0.008
1.2619,-0.018
1.262,-0.028
1.2621,-0.026
1.2622,-0.022
1.2623,-0.02
1.2624,-0.014
1.2625,-0.01
1.2626,-0.006
1.2627,-0.01
1.2628,-0.006
1.2629,0
1.263,-0.008
1.2631,-0.004
1.2632,0.002
1.2633,0
1.2634,-0.018
1.2635,-0.066
1.2636,-0.11
1.2637,-0.052
1.2638,-0.022
1.2639,-0.064
1.264,-0.098
1.2641,-0.054
1.2642,-0.004
1.2643,-0.012
1.2644,0.026
1.2645,0.032
1.2646,0.04
1.2647,0.084
1.2648,0.106
1.2649,0.116
1.265,0.078
1.2651,0.082
1.2652,0.1
1.2653,0.098
1.2654,0.084
1.2655,0.026
1.2656,0.012
1.2657,0.002
1.2658,-0.016
1.2659,-0.026
1.266,-0.06
1.2661,-0.066
1.2662,-0.068
1.2663,-0.058
1.2664,-0.052
1.2665,-0.074
1.2666,-0.06
1.2667,-0.034
1.2668,-0.002
1.2669,0.012
1.267,0.006
1.2671,0.024
1.2672,0.032
1.2673,0.058
1.2674,0.058
1.2675,0.052
1.2676,0.046
1.2677,0.042
1.2678,0.042
1.2679,0.022
1.268,0.002
1.2681,-0.018
1.2682,-0.024
1.2683,-0.022
1.2684,-0.034
1.2685,-0.05
1.2686,-0.068
1.2687,-0.064
1.2688,-0.05
1.2689,-0.058
1.269,-0.056
1.2691,-0.046
1.2692,-0.024
1.2693,-0.006
1.2694,-0.014
1.2695,0.016
1.2696,0.032
1.2697,0.056
1.2698,0.046
1.2699,0.06
1.27,0.07
1.2701,0.048
1.2702,0.044
1.2703,0.038
1.2704,0.032
1.2705,0.016
1.2706,0.008
1.2707,0.002
1.2708,-0.014
1.2709,-0.03
1.271,-0.024
1.2711,-0.026
1.2712,-0.024
1.2713,-0.028
1.2714,-0.02
1.2715,-0.014
1.2716,-0.018
1.2717,-0.004
1.2718,-0.002
1.2719,0.014
1.272,0.018
1.2721,0.026
1.2722,0.028
1.2723,0.016
1.2724,0.018
1.2725,0.02
1.2726,0.024
1.2727,0.014
1.2728,0.002
1.2729,-0.004
1.273,-0.008
1.2731,-0.02
1.2732,-0.02
1.2733,-0.02
1.2734,-0.022
1.2735,-0.018
1.2736,-0.008
1.2737,-0.004
1.2738,-0.018
1.2739,-0.008
1.274,0.008
1.2741,0.01
1.2742,0.002
1.2743,0.004
1.2744,0.004
1.2745,-0.014
1.2746,-0.012
1.2747,-0.006
1.2748,-0.018
1.2749,-0.038
1.275,-0.102
1.2751,-0.1
1.2752,-0.04
1.2753,-0.056
1.2754,-0.1
1.2755,-0.096
1.2756,-0.02
1.2757,0.002
1.2758,0.004
1.2759,0.042
1.276,0.026
1.2761,0.066
1.2762,0.102
1.2763,0.128
1.2764,0.124
1.2765,0.088
1.2766,0.106
1.2767,0.104
1.2768,0.098
1.2769,0.058
1.277,0.01
1.2771,0.02
1.2772,0
1.2773,-0.022
1.2774,-0.052
1.2775,-0.086
1.2776,-0.08
1.2777,-0.082
1.2778,-0.058
1.2779,-0.064
1.278,-0.074
1.2781,-0.054
1.2782,-0.032
1.2783,0.006
1.2784,0.004
1.2785,0.016
1.2786,0.038
1.2787,0.058
1.2788,0.074
1.2789,0.056
1.279,0.05
1.2791,0.05
1.2792,0.046
1.2793,0.044
1.2794,0.02
1.2795,-0.004
1.2796,-0.026
1.2797,-0.036
1.2798,-0.036
1.2799,-0.052
1.28,-0.064
1.2801,-0.07
1.2802,-0.058
1.2803,-0.068
1.2804,-0.07
1.2805,-0.048
1.2806,-0.058
1.2807,-0.026
1.2808,0.018
1.2809,0.036
1.281,0.012
1.2811,0.038
1.2812,0.076
1.2813,0.07
1.2814,0.066
1.2815,0.06
1.2816,0.06
1.2817,0.05
1.2818,0.036
1.2819,0.018
1.282,0.004
1.2821,-0.01
1.2822,-0.01
1.2823,-0.012
1.2824,-0.022
1.2825,-0.038
1.2826,-0.046
1.2827,-0.028
1.2828,-0.022
1.2829,-0.022
1.283,-0.014
1.2831,-0.002
1.2832,0.004
1.2833,0.008
1.2834,0.018
1.2835,0.022
1.2836,0.028
1.2837,0.032
1.2838,0.034
1.2839,0.028
1.284,0.016
1.2841,0.006
1.2842,0.004
1.2843,0
1.2844,-0.008
1.2845,-0.016
1.2846,-0.018
1.2847,-0.018
1.2848,-0.028
1.2849,-0.024
1.285,-0.022
1.2851,-0.014
1.2852,-0.002
1.2853,0.006
1.2854,0.008
1.2855,0.002
1.2856,0.002
1.2857,0.01
1.2858,0.008
1.2859,0
1.286,-0.004
1.2861,-0.004
1.2862,-0.012
1.2863,-0.038
1.2864,-0.068
1.2865,-0.112
1.2866,-0.07
1.2867,-0.034
1.2868,-0.074
1.2869,-0.1
1.287,-0.074
1.2871,-0.012
1.2872,-0.014
1.2873,0.02
1.2874,0.044
1.2875,0.046
1.2876,0.09
1.2877,0.108
1.2878,0.126
1.2879,0.102
1.288,0.092
1.2881,0.116
1.2882,0.11
1.2883,0.09
1.2884,0.032
1.2885,0.006
1.2886,0.012
1.2887,-0.018
1.2888,-0.032
1.2889,-0.064
1.289,-0.078
1.2891,-0.078
1.2892,-0.086
1.2893,-0.064
1.2894,-0.08
1.2895,-0.066
1.2896,-0.04
1.2897,-0.01
1.2898,0.01
1.2899,0.002
1.29,0.02
1.2901,0.042
1.2902,0.064
1.2903,0.07
1.2904,0.06
1.2905,0.058
1.2906,0.046
1.2907,0.04
1.2908,0.032
1.2909,0.01
1.291,-0.012
1.2911,-0.024
1.2912,-0.024
1.2913,-0.04
1.2914,-0.064
1.2915,-0.074
1.2916,-0.066
1.2917,-0.06
1.2918,-0.082
1.2919,-0.056
1.292,-0.054
1.2921,-0.024
1.2922,-0.02
1.2923,0.008
1.2924,0.02
1.2925,0.046
1.2926,0.074
1.2927,0.064
1.2928,0.07
1.2929,0.06
1.293,0.066
1.2931,0.052
1.2932,0.046
1.2933,0.03
1.2934,0.02
1.2935,0.004
1.2936,-0.008
1.2937,-0.026
1.2938,-0.034
1.2939,-0.03
1.294,-0.034
1.2941,-0.028
1.2942,-0.034
1.2943,-0.032
1.2944,-0.032
1.2945,-0.016
1.2946,-0.002
1.2947,0.006
1.2948,0.014
1.2949,0.022
1.295,0.032
1.2951,0.024
1.2952,0.028
1.2953,0.028
1.2954,0.028
1.2955,0.022
1.2956,0.012
1.2957,0.004
1.2958,-0.012
1.2959,-0.016
1.296,-0.014
1.2961,-0.02
1.2962,-0.028
1.2963,-0.022
1.2964,-0.022
1.2965,-0.018
1.2966,-0.014
1.2967,-0.012
1.2968,-0.008
1.2969,0.004
1.297,0.012
1.2971,0.012
1.2972,0.006
1.2973,-0.008
1.2974,0
1.2975,0.004
1.2976,-0.008
1.2977,-0.018
1.2978,-0.024
1.2979,-0.072
1.298,-0.106
1.2981,-0.048
1.2982,-0.038
1.2983,-0.088
1.2984,-0.094
1.2985,-0.032
1.2986,0.002
1.2987,-0.018
1.2988,0.022
1.2989,0.03
1.299,0.06
1.2991,0.09
1.2992,0.114
1.2993,0.122
1.2994,0.092
1.2995,0.084
1.2996,0.1
1.2997,0.104
1.2998,0.072
1.2999,0.016
1.3,0.014
1.3001,0.01
1.3002,-0.028
1.3003,-0.05
1.3004,-0.072
1.3005,-0.07
1.3006,-0.082
1.3007,-0.062
1.3008,-0.056
1.3009,-0.08
1.301,-0.058
1.3011,-0.034
1.3012,0
1.3013,0
1.3014,0.002
1.3015,0.026
1.3016,0.05
1.3017,0.068
1.3018,0.064
1.3019,0.058
1.302,0.054
1.3021,0.038
1.3022,0.04
1.3023,0.028
1.3024,0.006
1.3025,-0.014
1.3026,-0.024
1.3027,-0.028
1.3028,-0.048
1.3029,-0.066
1.303,-0.068
1.3031,-0.062
1.3032,-0.054
1.3033,-0.058
1.3034,-0.054
1.3035,-0.044
1.3036,-0.046
1.3037,-0.004
1.3038,0.018
1.3039,0.024
1.304,0.014
1.3041,0.056
1.3042,0.072
1.3043,0.048
1.3044,0.054
1.3045,0.06
1.3046,0.054
1.3047,0.04
1.3048,0.034
1.3049,0.018
1.305,-0.008
1.3051,-0.01
1.3052,-0.008
1.3053,-0.02
1.3054,-0.028
1.3055,-0.034
1.3056,-0.028
1.3057,-0.024
1.3058,-0.03
1.3059,-0.022
1.306,-0.012
1.3061,0.002
1.3062,0.002
1.3063,0.014
1.3064,0.018
1.3065,0.01
1.3066,0.02
1.3067,0.026
1.3068,0.028
1.3069,0.022
1.307,0.022
1.3071,0.014
1.3072,-0.002
1.3073,-0.006
1.3074,-0.008
1.3075,-0.012
1.3076,-0.014
1.3077,-0.02
1.3078,-0.018
1.3079,-0.018
1.308,-0.022
1.3081,-0.014
1.3082,-0.008
1.3083,0.006
1.3084,0.006
1.3085,0.008
1.3086,0.01
1.3087,0.006
1.3088,0.008
1.3089,0.006
1.309,0.004
1.3091,-0.004
1.3092,-0.01
1.3093,-0.016
1.3094,-0.038
1.3095,-0.072
1.3096,-0.12
1.3097,-0.068
1.3098,-0.038
1.3099,-0.074
1.31,-0.104
1.3101,-0.066
1.3102,-0.01
1.3103,-0.01
1.3104,0.024
1.3105,0.044
1.3106,0.054
1.3107,0.092
1.3108,0.112
1.3109,0.126
1.311,0.098
1.3111,0.092
1.3112,0.11
1.3113,0.108
1.3114,0.094
1.3115,0.032
1.3116,0.004
1.3117,0.006
1.3118,-0.02
1.3119,-0.034
1.312,-0.068
1.3121,-0.074
1.3122,-0.08
1.3123,-0.08
1.3124,-0.064
1.3125,-0.08
1.3126,-0.068
1.3127,-0.044
1.3128,-0.012
1.3129,0.01
1.313,0.004
1.3131,0.02
1.3132,0.04
1.3133,0.064
1.3134,0.068
1.3135,0.058
1.3136,0.06
1.3137,0.048
1.3138,0.044
1.3139,0.032
1.314,0.012
1.3141,-0.006
1.3142,-0.022
1.3143,-0.024
1.3144,-0.038
1.3145,-0.058
1.3146,-0.074
1.3147,-0.068
1.3148,-0.056
1.3149,-0.048
1.315,-0.056
1.3151,-0.072
1.3152,-0.052
1.3153,-0.012
1.3154,0.022
1.3155,0.002
1.3156,0.008
1.3157,0.052
1.3158,0.084
1.3159,0.07
1.316,0.054
1.3161,0.058
1.3162,0.054
1.3163,0.052
1.3164,0.044
1.3165,0.034
1.3166,-0.002
1.3167,-0.01
1.3168,-0.008
1.3169,-0.01
1.317,-0.036
1.3171,-0.044
1.3172,-0.032
1.3173,-0.022
1.3174,-0.026
1.3175,-0.032
1.3176,-0.024
1.3177,-0.014
1.3178,0.006
1.3179,0.014
1.318,0.014
1.3181,0.012
1.3182,0.014
1.3183,0.026
1.3184,0.026
1.3185,0.022
1.3186,0.018
1.3187,0.02
1.3188,0.018
1.3189,0.002
1.319,-0.012
1.3191,-0.012
1.3192,-0.018
1.3193,-0.016
1.3194,-0.016
1.3195,-0.018
1.3196,-0.024
1.3197,-0.022
1.3198,-0.01
1.3199,0.002
1.32,0.004
1.3201,0.006
1.3202,0.01
1.3203,0.018
1.3204,0.008
1.3205,0.002
1.3206,-0.002
1.3207,0.004
1.3208,0
1.3209,-0.012
1.321,-0.022
1.3211,-0.034
1.3212,-0.086
1.3213,-0.11
1.3214,-0.044
1.3215,-0.04
1.3216,-0.084
1.3217,-0.09
1.3218,-0.034
1.3219,-0.006
1.322,-0.016
1.3221,0.026
1.3222,0.038
1.3223,0.06
1.3224,0.094
1.3225,0.114
1.3226,0.116
1.3227,0.09
1.3228,0.098
1.3229,0.108
1.323,0.102
1.3231,0.072
1.3232,0.022
1.3233,0.016
1.3234,-0.002
1.3235,-0.03
1.3236,-0.042
1.3237,-0.07
1.3238,-0.074
1.3239,-0.08
1.324,-0.074
1.3241,-0.072
1.3242,-0.082
1.3243,-0.058
1.3244,-0.038
1.3245,-0.004
1.3246,0.006
1.3247,0.012
1.3248,0.028
1.3249,0.044
1.325,0.062
1.3251,0.062
1.3252,0.062
1.3253,0.058
1.3254,0.05
1.3255,0.044
1.3256,0.022
1.3257,0.006
1.3258,-0.012
1.3259,-0.018
1.326,-0.026
1.3261,-0.042
1.3262,-0.054
1.3263,-0.074
1.3264,-0.064
1.3265,-0.058
1.3266,-0.07
1.3267,-0.06
1.3268,-0.05
1.3269,-0.03
1.327,-0.012
1.3271,0.004
1.3272,0.016
1.3273,0.028
1.3274,0.064
1.3275,0.066
1.3276,0.064
1.3277,0.06
1.3278,0.058
1.3279,0.054
1.328,0.042
1.3281,0.034
1.3282,0.022
1.3283,0.008
1.3284,0
1.3285,-0.02
1.3286,-0.03
1.3287,-0.034
1.3288,-0.038
1.3289,-0.028
1.329,-0.028
1.3291,-0.032
1.3292,-0.024
1.3293,-0.018
1.3294,-0.008
1.3295,0.002
1.3296,0.01
1.3297,0.018
1.3298,0.024
1.3299,0.026
1.33,0.022
1.3301,0.024
1.3302,0.022
1.3303,0.022
1.3304,0.02
1.3305,0.012
1.3306,0.004
1.3307,-0.014
1.3308,-0.016
1.3309,-0.018
1.331,-0.018
1.3311,-0.016
1.3312,-0.016
1.3313,-0.014
1.3314,-0.014
1.3315,-0.01
1.3316,-0.004
1.3317,0
1.3318,0.004
1.3319,0.008
1.332,0.006
1.3321,0.002
1.3322,-0.004
1.3323,-0.008
1.3324,-0.014
1.3325,-0.014
1.3326,-0.016
1.3327,-0.048
1.3328,-0.11
1.3329,-0.08
1.333,-0.04
1.3331,-0.064
1.3332,-0.1
1.3333,-0.066
1.3334,-0.006
1.3335,-0.008
1.3336,0.008
1.3337,0.038
1.3338,0.04
1.3339,0.078
1.334,0.094
1.3341,0.12
1.3342,0.104
1.3343,0.092
1.3344,0.108
1.3345,0.108
1.3346,0.098
1.3347,0.044
1.3348,0.01
1.3349,0.012
1.335,-0.012
1.3351,-0.028
1.3352,-0.058
1.3353,-0.074
1.3354,-0.076
1.3355,-0.088
1.3356,-0.064
1.3357,-0.078
1.3358,-0.07
1.3359,-0.048
1.336,-0.018
1.3361,0.008
1.3362,-0.006
1.3363,0.014
1.3364,0.038
1.3365,0.06
1.3366,0.066
1.3367,0.062
1.3368,0.064
1.3369,0.052
1.337,0.046
1.3371,0.04
1.3372,0.02
1.3373,0.004
1.3374,-0.016
1.3375,-0.018
1.3376,-0.032
1.3377,-0.058
1.3378,-0.066
1.3379,-0.066
1.338,-0.056
1.3381,-0.052
1.3382,-0.05
1.3383,-0.07
1.3384,-0.056
1.3385,-0.034
1.3386,-0.006
1.3387,0.006
1.3388,0.022
1.3389,0.036
1.339,0.044
1.3391,0.076
1.3392,0.062
1.3393,0.048
1.3394,0.052
1.3395,0.06
1.3396,0.054
1.3397,0.028
1.3398,0.016
1.3399,-0.002
1.34,-0.004
1.3401,-0.012
1.3402,-0.022
1.3403,-0.03
1.3404,-0.03
1.3405,-0.032
1.3406,-0.028
1.3407,-0.028
1.3408,-0.026
1.3409,-0.016
1.341,-0.002
1.3411,0.012
1.3412,0.008
1.3413,0.012
1.3414,0.012
1.3415,0.02
1.3416,0.028
1.3417,0.024
1.3418,0.024
1.3419,0.018
1.342,0.018
1.3421,0.004
1.3422,-0.004
1.3423,-0.012
1.3424,-0.012
1.3425,-0.012
1.3426,-0.014
1.3427,-0.02
1.3428,-0.024
1.3429,-0.022
1.343,-0.01
1.3431,-0.004
1.3432,0
1.3433,0.006
1.3434,0.012
1.3435,0.012
1.3436,0
1.3437,0
1.3438,0
1.3439,0.008
1.344,0.002
1.3441,-0.01
1.3442,-0.02
1.3443,-0.038
1.3444,-0.058
1.3445,-0.106
1.3446,-0.068
1.3447,-0.036
1.3448,-0.066
1.3449,-0.092
1.345,-0.06
1.3451,-0.012
1.3452,-0.016
1.3453,0.014
1.3454,0.038
1.3455,0.048
1.3456,0.08
1.3457,0.1
1.3458,0.112
1.3459,0.1
1.346,0.094
1.3461,0.108
1.3462,0.1
1.3463,0.088
1.3464,0.042
1.3465,0.01
1.3466,0.012
1.3467,-0.014
1.3468,-0.03
1.3469,-0.058
1.347,-0.068
1.3471,-0.074
1.3472,-0.082
1.3473,-0.07
1.3474,-0.08
1.3475,-0.066
1.3476,-0.044
1.3477,-0.02
1.3478,0.004
1.3479,0.002
1.348,0.014
1.3481,0.036
1.3482,0.056
1.3483,0.064
1.3484,0.058
1.3485,0.062
1.3486,0.056
1.3487,0.042
1.3488,0.034
1.3489,0.014
1.349,0
1.3491,-0.016
1.3492,-0.02
1.3493,-0.032
1.3494,-0.052
1.3495,-0.068
1.3496,-0.064
1.3497,-0.056
1.3498,-0.054
1.3499,-0.048
1.35,-0.048
1.3501,-0.052
1.3502,-0.03
1.3503,-0.03
1.3504,0.014
1.3505,0.024
1.3506,0.036
1.3507,0.026
1.3508,0.064
1.3509,0.078
1.351,0.046
1.3511,0.056
1.3512,0.056
1.3513,0.054
1.3514,0.034
1.3515,0.028
1.3516,0.004
1.3517,-0.008
1.3518,-0.018
1.3519,-0.012
1.352,-0.026
1.3521,-0.028
1.3522,-0.03
1.3523,-0.028
1.3524,-0.02
1.3525,-0.028
1.3526,-0.012
1.3527,-0.008
1.3528,0.006
1.3529,0.006
1.353,0.016
1.3531,0.008
1.3532,0.01
1.3533,0.02
1.3534,0.024
1.3535,0.022
1.3536,0.014
1.3537,0.012
1.3538,0.008
1.3539,0.002
1.354,-0.006
1.3541,-0.012
1.3542,-0.014
1.3543,-0.01
1.3544,-0.012
1.3545,-0.014
1.3546,-0.02
1.3547,-0.016
1.3548,-0.008
1.3549,-0.002
1.355,0.006
1.3551,0.008
1.3552,0.006
1.3553,-0.002
1.3554,0.004
1.3555,0.006
1.3556,0.002
1.3557,0.002
1.3558,-0.008
1.3559,-0.016
1.356,-0.026
1.3561,-0.046
1.3562,-0.1
1.3563,-0.082
1.3564,-0.032
1.3565,-0.056
1.3566,-0.086
1.3567,-0.068
1.3568,-0.018
1.3569,-0.014
1.357,0.004
1.3571,0.036
1.3572,0.038
1.3573,0.074
1.3574,0.094
1.3575,0.11
1.3576,0.1
1.3577,0.086
1.3578,0.1
1.3579,0.098
1.358,0.092
1.3581,0.052
1.3582,0.016
1.3583,0.01
1.3584,-0.008
1.3585,-0.024
1.3586,-0.048
1.3587,-0.068
1.3588,-0.068
1.3589,-0.078
1.359,-0.068
1.3591,-0.076
1.3592,-0.068
1.3593,-0.048
1.3594,-0.028
1.3595,0.002
1.3596,0
1.3597,0.008
1.3598,0.028
1.3599,0.046
1.36,0.06
1.3601,0.054
1.3602,0.06
1.3603,0.054
1.3604,0.048
1.3605,0.034
1.3606,0.022
1.3607,0.006
1.3608,-0.01
1.3609,-0.016
1.361,-0.028
1.3611,-0.042
1.3612,-0.064
1.3613,-0.064
1.3614,-0.058
1.3615,-0.052
1.3616,-0.05
1.3617,-0.054
1.36,-0.06
1.36,-0.048
1.36,-0.012
1.36,0.014
1.36,0.002
1.3623,0.016
1.3624,0.046
1.3625,0.074
1.3626,0.064
1.3627,0.05
1.3628,0.054
1.3629,0.054
1.363,0.056
1.3631,0.042
1.3632,0.028
1.3633,0.006
1.3634,-0.006
1.3635,-0.004
1.3636,-0.01
1.3637,-0.028
1.3638,-0.034
1.3639,-0.026
1.364,-0.02
1.3641,-0.028
1.3642,-0.036
1.3643,-0.02
1.3644,-0.012
1.3645,0.004
1.3646,0.008
1.3647,0.01
1.3648,0.008
1.3649,0.01
1.365,0.022
1.3651,0.026
1.3652,0.02
1.3653,0.016
1.3654,0.018
1.3655,0.018
1.3656,-0.002
1.3657,-0.01
1.3658,-0.008
1.3659,-0.008
1.366,-0.014
1.3661,-0.014
1.3662,-0.014
1.3663,-0.024
1.3664,-0.018
1.3665,-0.008
1.3666,-0.002
1.3667,-0.002
1.3668,0.008
1.3669,0.012
1.367,-0.002
1.3671,-0.004
1.3672,0.006
1.3673,0.006
1.3674,0.002
1.3675,-0.002
1.3676,-0.014
1.3677,-0.018
1.3678,-0.028
1.3679,-0.056
1.368,-0.1
1.3681,-0.058
1.3682,-0.028
1.3683,-0.064
1.3684,-0.088
1.3685,-0.058
1.3686,-0.008
1.3687,-0.012
1.3688,0.022
1.3689,0.038
1.369,0.04
1.3691,0.078
1.3692,0.09
1.3693,0.11
1.3694,0.094
1.3695,0.09
1.3696,0.102
1.3697,0.096
1.3698,0.084
1.3699,0.038
1.37,0.012
1.3701,0.012
1.3702,-0.014
1.3703,-0.026
1.3704,-0.054
1.3705,-0.064
1.3706,-0.07
1.3707,-0.08
1.3708,-0.062
1.3709,-0.074
1.371,-0.062
1.3711,-0.044
1.3712,-0.018
1.3713,0.002
1.3714,-0.004
1.3715,0.016
1.3716,0.034
1.3717,0.054
1.3718,0.06
1.3719,0.056
1.372,0.058
1.3721,0.048
1.3722,0.038
1.3723,0.036
1.3724,0.018
1.3725,0.002
1.3726,-0.012
1.3727,-0.018
1.3728,-0.028
1.3729,-0.052
1.373,-0.062
1.3731,-0.06
1.3732,-0.054
1.3733,-0.05
1.3734,-0.062
1.3735,-0.056
1.3736,-0.042
1.3737,-0.038
1.3738,-0.008
1.3739,0.008
1.374,0.024
1.3741,0.02
1.3742,0.058
1.3743,0.074
1.3744,0.05
1.3745,0.054
1.3746,0.058
1.3747,0.062
1.3748,0.044
1.3749,0.036
1.375,0.018
1.3751,0.002
1.3752,-0.006
1.3753,-0.01
1.3754,-0.022
1.3755,-0.026
1.3756,-0.032
1.3757,-0.028
1.3758,-0.028
1.3759,-0.036
1.376,-0.028
1.3761,-0.022
1.3762,-0.002
1.3763,0
1.3764,0.004
1.3765,0.01
1.3766,0.004
1.3767,0.018
1.3768,0.024
1.3769,0.024
1.377,0.024
1.3771,0.022
1.3772,0.018
1.3773,0.006
1.3774,0
1.3775,-0.004
1.3776,-0.006
1.3777,-0.008
1.3778,-0.01
1.3779,-0.012
1.378,-0.018
1.3781,-0.022
1.3782,-0.012
1.3783,-0.012
1.3784,-0.004
1.3785,0.004
1.3786,0.006
1.3787,0.008
1.3788,-0.008
1.3789,0
1.379,0.004
1.3791,0.004
1.3792,-0.004
1.3793,-0.006
1.3794,-0.01
1.3795,-0.024
1.3796,-0.048
1.3797,-0.098
1.3798,-0.068
1.3799,-0.028
1.38,-0.056
1.3801,-0.086
1.3802,-0.066
1.3803,-0.018
1.3804,-0.012
1.3805,0.01
1.3806,0.028
1.3807,0.034
1.3808,0.07
1.3809,0.092
1.381,0.106
1.3811,0.094
1.3812,0.082
1.3813,0.098
1.3814,0.098
1.3815,0.094
1.3816,0.05
1.3817,0.014
1.3818,0.012
1.3819,-0.004
1.382,-0.02
1.3821,-0.048
1.3822,-0.064
1.3823,-0.066
1.3824,-0.074
1.3825,-0.062
1.3826,-0.074
1.3827,-0.066
1.3828,-0.048
1.3829,-0.026
1.383,0.002
1.3831,-0.006
1.3832,0.004
1.3833,0.024
1.3834,0.044
1.3835,0.058
1.3836,0.054
1.3837,0.056
1.3838,0.05
1.3839,0.044
1.384,0.036
1.3841,0.022
1.3842,0.008
1.3843,-0.01
1.3844,-0.012
1.3845,-0.022
1.3846,-0.042
1.3847,-0.062
1.3848,-0.06
1.3849,-0.052
1.385,-0.048
1.3851,-0.048
1.3852,-0.074
1.3853,-0.052
1.3854,-0.018
1.3855,-0.02
1.3856,-0.03
1.3857,0.016
1.3858,0.052
1.3859,0.038
1.386,0.044
1.3861,0.064
1.3862,0.058
1.3863,0.054
1.3864,0.064
1.3865,0.054
1.3866,0.038
1.3867,0.024
1.3868,0.02
1.3869,0.002
1.387,-0.008
1.3871,-0.026
1.3872,-0.024
1.3873,-0.018
1.3874,-0.024
1.3875,-0.034
1.3876,-0.034
1.3877,-0.026
1.3878,-0.02
1.3879,-0.016
1.388,-0.002
1.3881,-0.002
1.3882,0.006
1.3883,0.012
1.3884,0.012
1.3885,0.016
1.3886,0.02
1.3887,0.026
1.3888,0.022
1.3889,0.02
1.389,0.008
1.3891,0
1.3892,0
1.3893,-0.002
1.3894,-0.01
1.3895,-0.012
1.3896,-0.012
1.3897,-0.014
1.3898,-0.018
1.3899,-0.018
1.39,-0.014
1.3901,-0.006
1.3902,-0.002
1.3903,0.004
1.3904,0.006
1.3905,0.002
1.3906,-0.01
1.3907,-0.004
1.3908,0.002
1.3909,0
1.391,-0.008
1.3911,-0.016
1.3912,-0.012
1.3913,-0.034
1.3914,-0.086
1.3915,-0.084
1.3916,-0.026
1.3917,-0.036
1.3918,-0.074
1.3919,-0.068
1.392,-0.02
1.3921,-0.01
1.3922,0
1.3923,0.036
1.3924,0.034
1.3925,0.062
1.3926,0.082
1.3927,0.108
1.3928,0.094
1.3929,0.074
1.393,0.08
1.3931,0.088
1.3932,0.092
1.3933,0.054
1.3934,0.016
1.3935,0.006
1.3936,0
1.3937,-0.02
1.3938,-0.044
1.3939,-0.058
1.394,-0.062
1.3941,-0.068
1.3942,-0.058
1.3943,-0.064
1.3944,-0.066
1.3945,-0.052
1.3946,-0.028
1.3947,0.002
1.3948,0.002
1.3949,0.006
1.395,0.016
1.3951,0.038
1.3952,0.054
1.3953,0.048
1.3954,0.05
1.3955,0.044
1.3956,0.044
1.3957,0.034
1.3958,0.022
1.3959,0.006
1.396,-0.01
1.3961,-0.012
1.3962,-0.02
1.3963,-0.034
1.3964,-0.052
1.3965,-0.064
1.3966,-0.052
1.3967,-0.044
1.3968,-0.04
1.3969,-0.066
1.397,-0.064
1.3971,-0.008
1.3972,-0.018
1.3973,-0.034
1.3974,0
1.3975,0.05
1.3976,0.038
1.3977,0.03
1.3978,0.076
1.3979,0.06
1.398,0.046
1.3981,0.05
1.3982,0.06
1.3983,0.042
1.3984,0.024
1.3985,0.018
1.3986,0.012
1.3987,-0.006
1.3988,-0.02
1.3989,-0.026
1.399,-0.016
1.3991,-0.018
1.3992,-0.036
1.3993,-0.022
1.3994,-0.028
1.3995,-0.022
1.3996,-0.018
1.3997,0
1.3998,0.002
1.3999,0
1.4,0.012
1.4001,0.01
1.4002,0.014
1.4003,0.014
1.4004,0.022
1.4005,0.022
1.4006,0.018
1.4007,0.014
1.4008,0.008
1.4009,0.002
1.401,-0.006
1.4011,-0.012
1.4012,-0.01
1.4013,-0.01
1.4014,-0.012
1.4015,-0.014
1.4016,-0.02
1.4017,-0.014
1.4018,-0.006
1.4019,-0.002
1.402,0.004
1.4021,0.004
1.4022,0.002
1.4023,-0.008
1.4024,-0.008
1.4025,0.002
1.4026,-0.006
1.4027,-0.008
1.4028,-0.008
1.4029,-0.008
1.403,-0.024
1.4031,-0.068
1.4032,-0.092
1.4033,-0.044
1.4034,-0.026
1.4035,-0.064
1.4036,-0.08
1.4037,-0.038
1.4038,-0.006
1.4039,-0.014
1.404,0.024
1.4041,0.03
1.4042,0.042
1.4043,0.078
1.4044,0.096
1.4045,0.104
1.4046,0.078
1.4047,0.08
1.4048,0.094
1.4049,0.092
1.405,0.08
1.4051,0.028
1.4052,0.016
1.4053,0.004
1.4054,-0.014
1.4055,-0.028
1.4056,-0.056
1.4057,-0.062
1.4058,-0.064
1.4059,-0.06
1.406,-0.06
1.4061,-0.078
1.4062,-0.06
1.4063,-0.04
1.4064,-0.014
1.4065,0.002
1.4066,0
1.4067,0.016
1.4068,0.024
1.4069,0.048
1.407,0.054
1.4071,0.048
1.4072,0.052
1.4073,0.048
1.4074,0.046
1.4075,0.028
1.4076,0.014
1.4077,-0.002
1.4078,-0.012
1.4079,-0.014
1.408,-0.03
1.4081,-0.04
1.4082,-0.056
1.4083,-0.056
1.4084,-0.048
1.4085,-0.064
1.4086,-0.058
1.4087,-0.044
1.4088,-0.03
1.4089,-0.046
1.409,-0.018
1.4091,0.022
1.4092,0.022
1.4093,0.022
1.4094,0.05
1.4095,0.074
1.4096,0.064
1.4097,0.056
1.4098,0.054
1.4099,0.05
1.41,0.044
1.4101,0.038
1.4102,0.026
1.4103,0.008
1.4104,-0.01
1.4105,-0.018
1.4106,-0.014
1.4107,-0.026
1.4108,-0.034
1.4109,-0.034
1.411,-0.024
1.4111,-0.024
1.4112,-0.034
1.4113,-0.022
1.4114,-0.014
1.4115,-0.002
1.4116,0.004
1.4117,0.012
1.4118,0.012
1.4119,0.008
1.412,0.02
1.4121,0.024
1.4122,0.024
1.4123,0.018
1.4124,0.016
1.4125,0.014
1.4126,0.004
1.4127,-0.008
1.4128,-0.012
1.4129,-0.012
1.413,-0.014
1.4131,-0.014
1.4132,-0.012
1.4133,-0.018
1.4134,-0.022
1.4135,-0.012
1.4136,-0.004
1.4137,-0.004
1.4138,0.002
1.4139,0.006
1.414,0.004
1.4141,-0.006
1.4142,-0.004
1.4143,0
1.4144,-0.012
1.4145,-0.008
1.4146,-0.006
1.4147,-0.018
1.4148,-0.064
1.4149,-0.094
1.415,-0.038
1.4151,-0.022
1.4152,-0.058
1.4153,-0.076
1.4154,-0.034
1.4155,0
1.4156,-0.016
1.4157,0.018
1.4158,0.028
1.4159,0.04
1.416,0.07
1.4161,0.096
1.4162,0.1
1.4163,0.07
1.4164,0.066
1.4165,0.09
1.4166,0.086
1.4167,0.07
1.4168,0.026
1.4169,0.018
1.417,0.014
1.4171,-0.016
1.4172,-0.026
1.4173,-0.052
1.4174,-0.054
1.4175,-0.054
1.4176,-0.056
1.4177,-0.046
1.4178,-0.072
1.4179,-0.058
1.418,-0.034
1.4181,-0.01
1.4182,0.002
1.4183,-0.006
1.4184,0.016
1.4185,0.024
1.4186,0.042
1.4187,0.044
1.4188,0.04
1.4189,0.046
1.419,0.044
1.4191,0.044
1.4192,0.028
1.4193,0.006
1.4194,-0.004
1.4195,-0.012
1.4196,-0.012
1.4197,-0.024
1.4198,-0.04
1.4199,-0.048
1.42,-0.054
1.4201,-0.044
1.4202,-0.042
1.4203,-0.056
1.4204,-0.054
1.4205,-0.028
1.4206,-0.022
1.4207,-0.012
1.4208,-0.008
1.4209,0.016
1.421,0.016
1.4211,0.05
1.4212,0.06
1.4213,0.046
1.4214,0.048
1.4215,0.048
1.4216,0.054
1.4217,0.038
1.4218,0.032
1.4219,0.022
1.422,0.018
1.4221,0.004
1.4222,-0.008
1.4223,-0.022
1.4224,-0.022
1.4225,-0.026
1.4226,-0.02
1.4227,-0.018
1.4228,-0.024
1.4229,-0.03
1.423,-0.022
1.4231,-0.008
1.4232,-0.004
1.4233,0.002
1.4234,0.008
1.4235,0.014
1.4236,0.014
1.4237,0.01
1.4238,0.014
1.4239,0.016
1.424,0.016
1.4241,0.016
1.4242,0.01
1.4243,0.004
1.4244,-0.01
1.4245,-0.006
1.4246,-0.006
1.4247,-0.012
1.4248,-0.012
1.4249,-0.01
1.425,-0.008
1.4251,-0.016
1.4252,-0.014
1.4253,-0.008
1.4254,0
1.4255,0.006
1.4256,0.012
1.4257,0.01
1.4258,0.004
1.4259,-0.002
1.426,0.004
1.4261,0.004
1.4262,-0.008
1.4263,-0.008
1.4264,-0.012
1.4265,-0.01
1.4266,-0.026
1.4267,-0.068
1.4268,-0.104
1.4269,-0.05
1.427,-0.024
1.4271,-0.064
1.4272,-0.086
1.4273,-0.052
1.4274,-0.006
1.4275,-0.008
1.4276,0.024
1.4277,0.034
1.4278,0.044
1.4279,0.08
1.428,0.094
1.4281,0.1
1.4282,0.086
1.4283,0.084
1.4284,0.096
1.4285,0.098
1.4286,0.078
1.4287,0.028
1.4288,0.002
1.4289,0.012
1.429,-0.008
1.4291,-0.028
1.4292,-0.056
1.4293,-0.064
1.4294,-0.064
1.4295,-0.068
1.4296,-0.058
1.4297,-0.074
1.4298,-0.06
1.4299,-0.038
1.43,-0.012
1.4301,0.006
1.4302,-0.004
1.4303,0.008
1.4304,0.032
1.4305,0.052
1.4306,0.056
1.4307,0.048
1.4308,0.048
1.4309,0.046
1.431,0.036
1.4311,0.032
1.4312,0.012
1.4313,-0.002
1.4314,-0.012
1.4315,-0.014
1.4316,-0.024
1.4317,-0.05
1.4318,-0.062
1.4319,-0.056
1.432,-0.048
1.4321,-0.052
1.4322,-0.08
1.4323,-0.056
1.4324,-0.018
1.4325,-0.016
1.4326,-0.028
1.4327,0.002
1.4328,0.038
1.4329,0.044
1.433,0.056
1.4331,0.062
1.4332,0.05
1.4333,0.054
1.4334,0.062
1.4335,0.054
1.4336,0.038
1.4337,0.026
1.4338,0.022
1.4339,0.012
1.434,-0.006
1.4341,-0.022
1.4342,-0.028
1.4343,-0.022
1.4344,-0.022
1.4345,-0.028
1.4346,-0.032
1.4347,-0.034
1.4348,-0.022
1.4349,-0.012
1.435,-0.006
1.4351,-0.008
1.4352,0.004
1.4353,0.016
1.4354,0.016
1.4355,0.014
1.4356,0.016
1.4357,0.022
1.4358,0.026
1.4359,0.022
1.436,0.012
1.4361,0.004
1.4362,-0.006
1.4363,-0.004
1.4364,-0.01
1.4365,-0.01
1.4366,-0.016
1.4367,-0.02
1.4368,-0.014
1.4369,-0.022
1.437,-0.022
1.4371,-0.02
1.4372,-0.012
1.4373,-0.002
1.4374,0.002
1.4375,-0.006
1.4376,-0.008
1.4377,-0.002
1.4378,0.002
1.4379,0
1.438,-0.002
1.4381,-0.002
1.4382,-0.006
1.4383,-0.014
1.4384,-0.06
1.4385,-0.068
1.4386,-0.026
1.4387,-0.022
1.4388,-0.048
1.4389,-0.054
1.439,-0.016
1.4391,-0.012
1.4392,-0.012
1.4393,0.018
1.4394,0.024
1.4395,0.038
1.4396,0.056
1.4397,0.072
1.4398,0.074
1.4399,0.06
1.44,0.064
1.4401,0.074
1.4402,0.076
1.4403,0.058
1.4404,0.028
1.4405,0.026
1.4406,0.008
1.4407,-0.008
1.4408,-0.018
1.4409,-0.036
1.441,-0.038
1.4411,-0.046
1.4412,-0.04
1.4413,-0.05
1.4414,-0.058
1.4415,-0.046
1.4416,-0.034
1.4417,-0.01
1.4418,-0.008
1.4419,-0.01
1.442,0.01
1.4421,0.014
1.4422,0.03
1.4423,0.034
1.4424,0.034
1.4425,0.038
1.4426,0.034
1.4427,0.034
1.4428,0.018
1.4429,0.01
1.443,0.004
1.4431,-0.002
1.4432,-0.008
1.4433,-0.018
1.4434,-0.03
1.4435,-0.044
1.4436,-0.044
1.4437,-0.036
1.4438,-0.038
1.4439,-0.034
1.444,-0.058
1.4441,-0.046
1.4442,0
1.4443,-0.006
1.4444,-0.048
1.4445,-0.012
1.4446,0.058
1.4447,0.046
1.4448,0.008
1.4449,0.044
1.445,0.056
1.4451,0.046
1.4452,0.046
1.4453,0.046
1.4454,0.032
1.4455,0.02
1.4456,0.028
1.4457,0.016
1.4458,-0.002
1.4459,-0.018
1.446,-0.02
1.4461,-0.002
1.4462,-0.008
1.4463,-0.028
1.4464,-0.03
1.4465,-0.022
1.4466,-0.012
1.4467,-0.016
1.4468,-0.008
1.4469,-0.004
1.447,-0.002
1.4471,0.008
1.4472,0.008
1.4473,0.002
1.4474,0.008
1.4475,0.016
1.4476,0.022
1.4477,0.018
1.4478,0.008
1.4479,-0.002
1.448,-0.002
1.4481,0.004
1.4482,-0.006
1.4483,-0.008
1.4484,-0.008
1.4485,-0.008
1.4486,-0.01
1.4487,-0.01
1.4488,-0.01
1.4489,-0.008
1.449,-0.004
1.4491,0.006
1.4492,0.002
1.4493,-0.002
1.4494,-0.01
1.4495,-0.002
1.4496,-0.01
1.4497,-0.016
1.4498,-0.018
1.4499,-0.008
1.45,-0.032
1.4501,-0.092
1.4502,-0.084
1.4503,-0.03
1.4504,-0.036
1.4505,-0.08
1.4506,-0.064
1.4507,-0.012
1.4508,0
1.4509,0
1.451,0.028
1.4511,0.036
1.4512,0.058
1.4513,0.084
1.4514,0.104
1.4515,0.098
1.4516,0.068
1.4517,0.072
1.4518,0.09
1.4519,0.09
1.452,0.048
1.4521,0.014
1.4522,0.018
1.4523,0.002
1.4524,-0.022
1.4525,-0.04
1.4526,-0.058
1.4527,-0.058
1.4528,-0.064
1.4529,-0.05
1.453,-0.056
1.4531,-0.07
1.4532,-0.052
1.4533,-0.028
1.4534,0.002
1.4535,0.002
1.4536,0.006
1.4537,0.022
1.4538,0.034
1.4539,0.046
1.454,0.044
1.4541,0.046
1.4542,0.046
1.4543,0.042
1.4544,0.038
1.4545,0.018
1.4546,0
1.4547,-0.012
1.4548,-0.016
1.4549,-0.02
1.455,-0.034
1.4551,-0.048
1.4552,-0.054
1.4553,-0.058
1.4554,-0.042
1.4555,-0.046
1.4556,-0.066
1.4557,-0.048
1.4558,-0.014
1.4559,-0.016
1.456,-0.02
1.4561,0.008
1.4562,0.03
1.4563,0.024
1.4564,0.058
1.4565,0.066
1.4566,0.048
1.4567,0.044
1.4568,0.048
1.4569,0.05
1.457,0.03
1.4571,0.024
1.4572,0.018
1.4573,0.012
1.4574,0.002
1.4575,-0.022
1.4576,-0.024
1.4577,-0.022
1.4578,-0.026
1.4579,-0.022
1.458,-0.016
1.4581,-0.022
1.4582,-0.028
1.4583,-0.016
1.4584,0
1.4585,0
1.4586,0.006
1.4587,0.01
1.4588,0.012
1.4589,0.014
1.459,0.012
1.4591,0.014
1.4592,0.016
1.4593,0.014
1.4594,0.012
1.4595,0.008
1.4596,0.002
1.4597,-0.01
1.4598,-0.012
1.4599,-0.01
1.46,-0.012
1.4601,-0.018
1.4602,-0.01
1.4603,-0.004
1.4604,-0.014
1.4605,-0.01
1.4606,-0.006
1.4607,0
1.4608,0.004
1.4609,0.006
1.461,0.006
1.4611,0
1.4612,-0.008
1.4613,-0.006
1.4614,-0.012
1.4615,-0.012
1.4616,-0.01
1.4617,-0.034
1.4618,-0.08
1.4619,-0.084
1.462,-0.034
1.4621,-0.048
1.4622,-0.074
1.4623,-0.068
1.4624,-0.02
1.4625,-0.004
1.4626,-0.002
1.4627,0.018
1.4628,0.032
1.4629,0.056
1.463,0.08
1.4631,0.098
1.4632,0.096
1.4633,0.08
1.4634,0.074
1.4635,0.09
1.4636,0.09
1.4637,0.054
1.4638,0.022
1.4639,0.022
1.464,0.012
1.4641,-0.02
1.4642,-0.042
1.4643,-0.058
1.4644,-0.058
1.4645,-0.06
1.4646,-0.054
1.4647,-0.058
1.4648,-0.068
1.4649,-0.054
1.465,-0.032
1.4651,-0.008
1.4652,-0.002
1.4653,0.002
1.4654,0.022
1.4655,0.038
1.4656,0.044
1.4657,0.042
1.4658,0.044
1.4659,0.046
1.466,0.044
1.4661,0.042
1.4662,0.026
1.4663,0.002
1.4664,-0.008
1.4665,-0.012
1.4666,-0.016
1.4667,-0.032
1.4668,-0.044
1.4669,-0.05
1.467,-0.05
1.4671,-0.048
1.4672,-0.048
1.4673,-0.042
1.4674,-0.038
1.4675,-0.046
1.4676,-0.014
1.4677,0.006
1.4678,-0.02
1.4679,-0.022
1.468,0.04
1.4681,0.07
1.4682,0.034
1.4683,0.034
1.4684,0.062
1.4685,0.054
1.4686,0.042
1.4687,0.044
1.4688,0.028
1.4689,0.02
1.469,0.012
1.4691,0.014
1.4692,-0.004
1.4693,-0.022
1.4694,-0.028
1.4695,-0.02
1.4696,-0.01
1.4697,-0.016
1.4698,-0.028
1.4699,-0.014
1.47,-0.014
1.4701,-0.01
1.4702,-0.006
1.4703,0
1.4704,0.004
1.4705,0.012
1.4706,0.018
1.4707,0.006
1.4708,0.006
1.4709,0.01
1.471,0.016
1.4711,0.018
1.4712,0.01
1.4713,0.002
1.4714,-0.002
1.4715,-0.006
1.4716,-0.008
1.4717,-0.012
1.4718,-0.01
1.4719,-0.012
1.472,-0.008
1.4721,-0.006
1.4722,-0.012
1.4723,-0.01
1.4724,-0.002
1.4725,0.004
1.4726,0.002
1.4727,0.004
1.4728,0.004
1.4729,-0.002
1.473,-0.01
1.4731,-0.008
1.4732,-0.01
1.4733,-0.008
1.4734,-0.016
1.4735,-0.052
1.4736,-0.084
1.4737,-0.064
1.4738,-0.032
1.4739,-0.058
1.474,-0.08
1.4741,-0.046
1.4742,-0.008
1.4743,0.002
1.4744,0.004
1.4745,0.02
1.4746,0.038
1.4747,0.066
1.4748,0.09
1.4749,0.096
1.475,0.084
1.4751,0.074
1.4752,0.082
1.4753,0.086
1.4754,0.074
1.4755,0.036
1.4756,0.018
1.4757,0.02
1.4758,0.002
1.4759,-0.028
1.476,-0.046
1.4761,-0.056
1.4762,-0.056
1.4763,-0.056
1.4764,-0.054
1.4765,-0.06
1.4766,-0.064
1.4767,-0.044
1.4768,-0.02
1.4769,-0.004
1.477,-0.002
1.4771,0.012
1.4772,0.028
1.4773,0.044
1.4774,0.04
1.4775,0.038
1.4776,0.044
1.4777,0.046
1.4778,0.042
1.4779,0.034
1.478,0.016
1.4781,-0.006
1.4782,-0.012
1.4783,-0.014
1.4784,-0.024
1.4785,-0.038
1.4786,-0.046
1.4787,-0.046
1.4788,-0.052
1.4789,-0.048
1.479,-0.046
1.4791,-0.036
1.4792,-0.022
1.4793,-0.034
1.4794,-0.028
1.4795,0.016
1.4796,-0.004
1.4797,-0.008
1.4798,0.022
1.4799,0.064
1.48,0.036
1.4801,0.03
1.4802,0.06
1.4803,0.04
1.4804,0.038
1.4805,0.034
1.4806,0.03
1.4807,0.014
1.4808,0.012
1.4809,0.004
1.481,-0.01
1.4811,-0.012
1.4812,-0.022
1.4813,-0.022
1.4814,-0.008
1.4815,-0.01
1.4816,-0.026
1.4817,-0.016
1.4818,-0.012
1.4819,-0.008
1.482,-0.004
1.4821,0.006
1.4822,0.006
1.4823,0.006
1.4824,0.016
1.4825,0.004
1.4826,0.004
1.4827,0.006
1.4828,0.008
1.4829,0.012
1.483,0.008
1.4831,0
1.4832,-0.008
1.4833,-0.008
1.4834,-0.006
1.4835,-0.008
1.4836,-0.01
1.4837,-0.006
1.4838,-0.004
1.4839,-0.004
1.484,-0.008
1.4841,-0.002
1.4842,0.004
1.4843,0.008
1.4844,0.014
1.4845,0.01
1.4846,0.004
1.4847,-0.002
1.4848,0.002
1.4849,-0.004
