1.235,-0.02
1.2351,-0.006
1.2352,-0.012
1.2353,-0.022
1.2354,-0.018
1.2355,-0.016
1.2356,-0.01
1.2357,-0.004
1.2358,-0.006
1.2359,-0.004
1.236,0.004
1.2361,0.008
1.2362,0.002
1.2363,0.004
1.2364,0.012
1.2365,0.024
1.2366,0.024
1.2367,0.022
1.2368,0.022
1.2369,0.028
1.237,0.024
1.2371,0.022
1.2372,0.024
1.2373,0.028
1.2374,0.028
1.2375,0.022
1.2376,0.018
1.2377,0.002
1.2378,0.01
1.2379,0.008
1.238,0.002
1.2381,-0.002
1.2382,0
1.2383,-0.004
1.2384,-0.018
1.2385,-0.016
1.2386,-0.016
1.2387,-0.012
1.2388,-0.012
1.2389,-0.012
1.239,-0.014
1.2391,-0.01
1.2392,-0.018
1.2393,-0.014
1.2394,-0.01
1.2395,-0.002
1.2396,-0.002
1.2397,0.002
1.2398,0.002
1.2399,-0.002
1.24,0.004
1.2401,0.008
1.2402,0.008
1.2403,0.012
1.2404,0.012
1.2405,0.014
1.2406,0.004
1.2407,0.004
1.2408,0.01
1.2409,0.01
1.241,0.006
1.2411,0.004
1.2412,0.004
1.2413,0.002
1.2414,-0.008
1.2415,-0.004
1.2416,-0.004
1.2417,-0.006
1.2418,0
1.2419,-0.002
1.242,-0.004
1.2421,-0.01
1.2422,-0.018
1.2423,-0.018
1.2424,-0.012
1.2425,-0.002
1.2426,-0.022
1.2427,-0.026
1.2428,-0.016
1.2429,-0.016
1.243,-0.024
1.2431,-0.022
1.2432,-0.012
1.2433,-0.004
1.2434,-0.006
1.2435,-0.008
1.2436,-0.014
1.2437,0
1.2438,0.004
1.2439,0.008
1.244,0.012
1.2441,0.012
1.2442,0.018
1.2443,0.016
1.2444,0.018
1.2445,0.014
1.2446,0.024
1.2447,0.034
1.2448,0.028
1.2449,0.022
1.245,0.022
1.2451,0.022
1.2452,0.018
1.2453,0.014
1.2454,0.012
1.2455,0.018
1.2456,0.01
1.2457,0.002
1.2458,-0.01
1.2459,-0.004
1.246,-0.008
1.2461,-0.01
1.2462,-0.008
1.2463,-0.01
1.2464,-0.012
1.2465,-0.018
1.2466,-0.022
1.2467,-0.02
1.2468,-0.014
1.2469,-0.008
1.247,-0.008
1.2471,-0.008
1.2472,-0.01
1.2473,-0.01
1.2474,-0.004
1.2475,0
1.2476,0.004
1.2477,0.01
1.2478,0.01
1.2479,0.008
1.248,0.002
1.2481,0.006
1.2482,0.01
1.2483,0.012
1.2484,0.014
1.2485,0.012
1.2486,0.01
1.2487,0.004
1.2488,0.002
1.2489,0
1.249,0.004
1.2491,0.002
1.2492,0
1.2493,-0.002
1.2494,-0.006
1.2495,-0.012
1.2496,-0.01
1.2497,-0.006
1.2498,-0.002
1.2499,-0.01
1.25,-0.018
1.2501,-0.014
1.2502,-0.012
1.2503,-0.022
1.2504,-0.028
1.2505,-0.014
1.2506,-0.006
1.2507,-0.014
1.2508,-0.02
1.2509,-0.018
1.251,-0.014
1.2511,-0.01
1.2512,-0.008
1.2513,-0.008
1.2514,0.002
1.2515,0.006
1.2516,0.006
1.2517,0
1.2518,0.006
1.2519,0.016
1.252,0.024
1.2521,0.024
1.2522,0.018
1.2523,0.024
1.2524,0.026
1.2525,0.022
1.2526,0.02
1.2527,0.026
1.2528,0.028
1.2529,0.028
1.253,0.022
1.2531,0.012
1.2532,0.004
1.2533,0.01
1.2534,0.006
1.2535,0
1.2536,-0.004
1.2537,0
1.2538,-0.004
1.2539,-0.018
1.254,-0.022
1.2541,-0.016
1.2542,-0.01
1.2543,-0.014
1.2544,-0.016
1.2545,-0.012
1.2546,-0.012
1.2547,-0.018
1.2548,-0.014
1.2549,-0.006
1.255,-0.002
1.2551,0.002
1.2552,0.002
1.2553,0.004
1.2554,-0.002
1.2555,0.004
1.2556,0.01
1.2557,0.012
1.2558,0.012
1.2559,0.014
1.256,0.012
1.2561,0.008
1.2562,0.002
1.2563,0.008
1.2564,0.008
1.2565,0.01
1.2566,0.004
1.2567,0.002
1.2568,0
1.2569,-0.008
1.257,-0.006
1.2571,-0.004
1.2572,-0.002
1.2573,-0.002
1.2574,-0.006
1.2575,0
1.2576,-0.012
1.2577,-0.02
1.2578,-0.028
1.2579,-0.012
1.258,-0.004
1.2581,-0.02
1.2582,-0.026
1.2583,-0.018
1.2584,-0.01
1.2585,-0.018
1.2586,-0.02
1.2587,-0.02
1.2588,-0.012
1.2589,-0.008
1.259,-0.006
1.2591,-0.006
1.2592,0.004
1.2593,0.008
1.2594,0.006
1.2595,0
1.2596,0.006
1.2597,0.016
1.2598,0.026
1.2599,0.026
1.26,0.022
1.2601,0.028
1.2602,0.024
1.2603,0.024
1.2604,0.022
1.2605,0.026
1.2606,0.028
1.2607,0.024
1.2608,0.022
1.2609,0.002
1.261,0.006
1.2611,0.008
1.2612,0.004
1.2613,0
1.2614,-0.008
1.2615,-0.004
1.2616,-0.01
1.2617,-0.02
1.2618,-0.02
1.2619,-0.012
1.262,-0.01
1.2621,-0.014
1.2622,-0.014
1.2623,-0.014
1.2624,-0.016
1.2625,-0.014
1.2626,-0.01
1.2627,-0.008
1.2628,0
1.2629,0.002
1.263,0.004
1.2631,-0.004
1.2632,0
1.2633,0.008
1.2634,0.01
1.2635,0.012
1.2636,0.012
1.2637,0.012
1.2638,0.008
1.2639,0.006
1.264,0.004
1.2641,0.01
1.2642,0.008
1.2643,0.008
1.2644,0.006
1.2645,0.002
1.2646,-0.008
1.2647,-0.006
1.2648,-0.004
1.2649,-0.004
1.265,-0.004
1.2651,-0.006
1.2652,-0.006
1.2653,-0.012
1.2654,-0.002
1.2655,-0.018
1.2656,-0.02
1.2657,-0.008
1.2658,-0.002
1.2659,-0.02
1.266,-0.03
1.2661,-0.022
1.2662,-0.012
1.2663,-0.02
1.2664,-0.022
1.2665,-0.01
1.2666,-0.006
1.2667,-0.008
1.2668,-0.016
1.2669,-0.01
1.267,0.002
1.2671,0.004
1.2672,0.012
1.2673,0.01
1.2674,0.014
1.2675,0.01
1.2676,0.018
1.2677,0.02
1.2678,0.018
1.2679,0.028
1.268,0.032
1.2681,0.03
1.2682,0.018
1.2683,0.018
1.2684,0.024
1.2685,0.022
1.2686,0.018
1.2687,0.012
1.2688,0.012
1.2689,0.01
1.269,-0.002
1.2691,-0.006
1.2692,-0.008
1.2693,-0.006
1.2694,-0.006
1.2695,-0.01
1.2696,-0.016
1.2697,-0.02
1.2698,-0.018
1.2699,-0.014
1.27,-0.016
1.2701,-0.012
1.2702,-0.01
1.2703,-0.008
1.2704,-0.01
1.2705,-0.012
1.2706,-0.004
1.2707,0
1.2708,0.004
1.2709,0.006
1.271,0.006
1.2711,0.01
1.2712,0.002
1.2713,0.006
1.2714,0.008
1.2715,0.012
1.2716,0.014
1.2717,0.012
1.2718,0.01
1.2719,0.004
1.272,0
1.2721,0.002
1.2722,0.004
1.2723,0.004
1.2724,0
1.2725,0
1.2726,0.002
1.2727,-0.014
1.2728,-0.008
1.2729,-0.008
1.273,-0.004
1.2731,-0.004
1.2732,-0.008
1.2733,-0.018
1.2734,-0.022
1.2735,-0.012
1.2736,-0.008
1.2737,-0.028
1.2738,-0.02
1.2739,-0.008
1.274,-0.008
1.2741,-0.028
1.2742,-0.024
1.2743,-0.012
1.2744,-0.008
1.2745,-0.008
1.2746,-0.006
1.2747,-0.004
1.2748,0.002
1.2749,-0.002
1.275,0.006
1.2751,0.008
1.2752,0.012
1.2753,0.022
1.2754,0.026
1.2755,0.022
1.2756,0.014
1.2757,0.02
1.2758,0.028
1.2759,0.028
1.276,0.024
1.2761,0.028
1.2762,0.028
1.2763,0.022
1.2764,0.006
1.2765,0.006
1.2766,0.012
1.2767,0.01
1.2768,0.004
1.2769,-0.004
1.277,0
1.2771,-0.01
1.2772,-0.012
1.2773,-0.018
1.2774,-0.016
1.2775,-0.01
1.2776,-0.01
1.2777,-0.014
1.2778,-0.02
1.2779,-0.02
1.278,-0.012
1.2781,-0.01
1.2782,-0.008
1.2783,-0.004
1.2784,0.002
1.2785,0.004
1.2786,-0.006
1.2787,-0.002
1.2788,0.008
1.2789,0.012
1.279,0.012
1.2791,0.01
1.2792,0.014
1.2793,0.008
1.2794,0.006
1.2795,0.012
1.2796,0.008
1.2797,0.008
1.2798,0.012
1.2799,0.008
1.28,-0.004
1.2801,-0.008
1.2802,0
1.2803,0
1.2804,-0.002
1.2805,-0.004
1.2806,-0.004
1.2807,-0.004
1.2808,-0.012
1.2809,-0.012
1.281,-0.01
1.2811,-0.018
1.2812,-0.014
1.2813,-0.002
1.2814,-0.014
1.2815,-0.036
1.2816,-0.024
1.2817,-0.012
1.2818,-0.016
1.2819,-0.02
1.282,-0.012
1.2821,-0.006
1.2822,-0.008
1.2823,-0.014
1.2824,-0.01
1.2825,0.002
1.2826,0.006
1.2827,0.008
1.2828,0.012
1.2829,0.008
1.283,0.008
1.2831,0.02
1.2832,0.024
1.2833,0.02
1.2834,0.024
1.2835,0.034
1.2836,0.028
1.2837,0.016
1.2838,0.02
1.2839,0.022
1.284,0.022
1.2841,0.02
1.2842,0.016
1.2843,0.008
1.2844,0.008
1.2845,0.002
1.2846,-0.002
1.2847,-0.012
1.2848,-0.006
1.2849,0
1.285,-0.008
1.2851,-0.018
1.2852,-0.026
1.2853,-0.012
1.2854,-0.014
1.2855,-0.02
1.2856,-0.014
1.2857,-0.008
1.2858,-0.008
1.2859,-0.016
1.286,-0.012
1.2861,-0.006
1.2862,0
1.2863,0.008
1.2864,0.004
1.2865,0.006
1.2866,0.008
1.2867,0.004
1.2868,0.008
1.2869,0.008
1.287,0.014
1.2871,0.016
1.2872,0.02
1.2873,0.01
1.2874,0.004
1.2875,0.002
1.2876,0.006
1.2877,0.006
1.2878,0.002
1.2879,0.002
1.288,0
1.2881,-0.002
1.2882,-0.01
1.2883,-0.01
1.2884,-0.008
1.2885,-0.002
1.2886,-0.002
1.2887,-0.006
1.2888,-0.012
1.2889,-0.026
1.289,-0.016
1.2891,-0.006
1.2892,-0.022
1.2893,-0.024
1.2894,-0.012
1.2895,-0.008
1.2896,-0.024
1.2897,-0.024
1.2898,-0.016
1.2899,-0.008
1.29,-0.008
1.2901,-0.002
1.2902,-0.008
1.2903,0
1.2904,0
1.2905,0.006
1.2906,0.008
1.2907,0.01
1.2908,0.018
1.2909,0.026
1.291,0.026
1.2911,0.012
1.2912,0.018
1.2913,0.032
1.2914,0.028
1.2915,0.024
1.2916,0.024
1.2917,0.026
1.2918,0.02
1.2919,0.012
1.292,0.008
1.2921,0.01
1.2922,0.014
1.2923,0.006
1.2924,-0.002
1.2925,-0.004
1.2926,-0.008
1.2927,-0.01
1.2928,-0.014
1.2929,-0.014
1.293,-0.014
1.2931,-0.012
1.2932,-0.012
1.2933,-0.022
1.2934,-0.022
1.2935,-0.012
1.2936,-0.008
1.2937,-0.008
1.2938,-0.006
1.2939,-0.002
1.294,-0.002
1.2941,-0.006
1.2942,0
1.2943,0.004
1.2944,0.012
1.2945,0.014
1.2946,0.01
1.2947,0.01
1.2948,0.006
1.2949,0.012
1.295,0.01
1.2951,0.012
1.2952,0.012
1.2953,0.01
1.2954,0.004
1.2955,-0.002
1.2956,0
1.2957,-0.002
1.2958,-0.002
1.2959,-0.002
1.296,-0.002
1.2961,-0.004
1.2962,-0.012
1.2963,-0.01
1.2964,-0.008
1.2965,-0.006
1.2966,-0.012
1.2967,-0.016
1.2968,-0.012
1.2969,-0.008
1.297,-0.026
1.2971,-0.03
1.2972,-0.014
1.2973,-0.008
1.2974,-0.014
1.2975,-0.016
1.2976,-0.012
1.2977,-0.014
1.2978,-0.012
1.2979,-0.008
1.298,-0.008
1.2981,0.002
1.2982,0.008
1.2983,0.008
1.2984,0.006
1.2985,0.002
1.2986,0.012
1.2987,0.022
1.2988,0.024
1.2989,0.022
1.299,0.024
1.2991,0.028
1.2992,0.022
1.2993,0.022
1.2994,0.024
1.2995,0.022
1.2996,0.014
1.2997,0.012
1.2998,0.014
1.2999,0.01
1.3,0.012
1.3001,0.008
1.3002,0.004
1.3003,-0.014
1.3004,-0.012
1.3005,-0.008
1.3006,-0.012
1.3007,-0.014
1.3008,-0.014
1.3009,-0.008
1.301,-0.018
1.3011,-0.022
1.3012,-0.02
1.3013,-0.012
1.3014,-0.008
1.3015,-0.008
1.3016,-0.004
1.3017,-0.004
1.3018,-0.008
1.3019,0
1.302,0.004
1.3021,0.006
1.3022,0.01
1.3023,0.016
1.3024,0.014
1.3025,0.006
1.3026,0.008
1.3027,0.012
1.3028,0.012
1.3029,0.012
1.303,0.012
1.3031,0.01
1.3032,0.002
1.3033,-0.002
1.3034,-0.002
1.3035,-0.002
1.3036,0.002
1.3037,0.002
1.3038,-0.004
1.3039,-0.004
1.304,-0.016
1.3041,-0.012
1.3042,-0.006
1.3043,-0.002
1.3044,-0.006
1.3045,-0.012
1.3046,-0.018
1.3047,-0.018
1.3048,-0.012
1.3049,-0.024
1.305,-0.022
1.3051,-0.01
1.3052,-0.008
1.3053,-0.016
1.3054,-0.022
1.3055,-0.016
1.3056,-0.01
1.3057,-0.002
1.3058,-0.004
1.3059,-0.002
1.306,0.004
1.3061,0.008
1.3062,0
1.3063,0.004
1.3064,0.012
1.3065,0.018
1.3066,0.026
1.3067,0.024
1.3068,0.02
1.3069,0.02
1.307,0.024
1.3071,0.022
1.3072,0.02
1.3073,0.024
1.3074,0.026
1.3075,0.024
1.3076,0.016
1.3077,0.002
1.3078,0.006
1.3079,0.006
1.308,0.008
1.3081,-0.002
1.3082,-0.004
1.3083,-0.008
1.3084,-0.012
1.3085,-0.014
1.3086,-0.018
1.3087,-0.014
1.3088,-0.008
1.3089,-0.01
1.309,-0.016
1.3091,-0.018
1.3092,-0.018
1.3093,-0.01
1.3094,-0.01
1.3095,-0.004
1.3096,-0.002
1.3097,0.006
1.3098,0.004
1.3099,-0.006
1.31,0.002
1.3101,0.008
1.3102,0.014
1.3103,0.014
1.3104,0.014
1.3105,0.016
1.3106,0.008
1.3107,0.004
1.3108,0.006
1.3109,0.01
1.311,0.008
1.3111,0.006
1.3112,0.006
1.3113,0.002
1.3114,-0.008
1.3115,-0.008
1.3116,-0.002
1.3117,-0.002
1.3118,-0.006
1.3119,-0.006
1.312,0
1.3121,-0.012
1.3122,-0.01
1.3123,-0.008
1.3124,-0.014
1.3125,-0.016
1.3126,-0.008
1.3127,-0.006
1.3128,-0.03
1.3129,-0.028
1.313,-0.014
1.3131,-0.008
1.3132,-0.018
1.3133,-0.014
1.3134,-0.006
1.3135,-0.006
1.3136,-0.012
1.3137,-0.012
1.3138,-0.002
1.3139,0.002
1.314,0.01
1.3141,0.01
1.3142,0.012
1.3143,0.004
1.3144,0.012
1.3145,0.02
1.3146,0.022
1.3147,0.02
1.3148,0.03
1.3149,0.03
1.315,0.024
1.3151,0.014
1.3152,0.022
1.3153,0.024
1.3154,0.022
1.3155,0.018
1.3156,0.012
1.3157,0.012
1.3158,0
1.3159,0.004
1.316,-0.006
1.3161,-0.006
1.3162,-0.006
1.3163,-0.004
1.3164,-0.006
1.3165,-0.026
1.3166,-0.02
1.3167,-0.014
1.3168,-0.012
1.3169,-0.014
1.317,-0.014
1.3171,-0.008
1.3172,-0.01
1.3173,-0.018
1.3174,-0.01
1.3175,-0.006
1.3176,0.006
1.3177,0.004
1.3178,0.006
1.3179,0.008
1.318,0.002
1.3181,0.006
1.3182,0.008
1.3183,0.012
1.3184,0.014
1.3185,0.016
1.3186,0.014
1.3187,0.006
1.3188,0.002
1.3189,0.006
1.319,0.004
1.3191,0.004
1.3192,0.004
1.3193,0.002
1.3194,-0.002
1.3195,-0.012
1.3196,-0.012
1.3197,-0.008
1.3198,-0.008
1.3199,-0.002
1.32,-0.004
1.3201,-0.006
1.3202,-0.01
1.3203,-0.016
1.3204,-0.02
1.3205,-0.012
1.3206,0
1.3207,-0.016
1.3208,-0.026
1.3209,-0.016
1.321,-0.012
1.3211,-0.02
1.3212,-0.022
1.3213,-0.012
1.3214,-0.004
1.3215,-0.008
1.3216,-0.004
1.3217,-0.012
1.3218,-0.004
1.3219,0.004
1.322,0.008
1.3221,0.01
1.3222,0.012
1.3223,0.018
1.3224,0.018
1.3225,0.018
1.3226,0.018
1.3227,0.022
1.3228,0.032
1.3229,0.03
1.323,0.024
1.3231,0.022
1.3232,0.018
1.3233,0.02
1.3234,0.016
1.3235,0.01
1.3236,0.014
1.3237,0.012
1.3238,0.006
1.3239,-0.01
1.324,-0.012
1.3241,-0.008
1.3242,-0.008
1.3243,-0.012
1.3244,-0.012
1.3245,-0.014
1.3246,-0.018
1.3247,-0.018
1.3248,-0.022
1.3249,-0.016
1.325,-0.01
1.3251,-0.008
1.3252,-0.008
1.3253,-0.006
1.3254,-0.01
1.3255,-0.002
1.3256,0.004
1.3257,0.004
1.3258,0.006
1.3259,0.012
1.326,0.012
1.3261,0.004
1.3262,0.008
1.3263,0.014
1.3264,0.012
1.3265,0.012
1.3266,0.014
1.3267,0.012
1.3268,0.006
1.3269,-0.004
1.327,-0.002
1.3271,0.002
1.3272,0.004
1.3273,0
1.3274,-0.002
1.3275,-0.004
1.3276,-0.014
1.3277,-0.012
1.3278,-0.01
1.3279,-0.008
1.328,-0.002
1.3281,-0.002
1.3282,-0.008
1.3283,-0.022
1.3284,-0.022
1.3285,-0.01
1.3286,-0.006
1.3287,-0.018
1.3288,-0.018
1.3289,-0.008
1.329,-0.008
1.3291,-0.024
1.3292,-0.02
1.3293,-0.01
1.3294,-0.004
1.3295,-0.002
1.3296,-0.006
1.3297,-0.002
1.3298,-0.008
1.3299,0.002
1.33,0.004
1.3301,0.01
1.3302,0.014
1.3303,0.02
1.3304,0.024
1.3305,0.016
1.3306,0.012
1.3307,0.022
1.3308,0.03
1.3309,0.026
1.331,0.024
1.3311,0.024
1.3312,0.022
1.3313,0.014
1.3314,0.012
1.3315,0.01
1.3316,0.01
1.3317,0.008
1.3318,0.004
1.3319,-0.002
1.332,-0.012
1.3321,-0.012
1.3322,-0.008
1.3323,-0.012
1.3324,-0.016
1.3325,-0.012
1.3326,-0.01
1.3327,-0.016
1.3328,-0.026
1.3329,-0.018
1.333,-0.01
1.3331,-0.008
1.3332,-0.008
1.3333,-0.006
1.3334,-0.002
1.3335,-0.008
1.3336,-0.002
1.3337,0.002
1.3338,0.006
1.3339,0.01
1.334,0.012
1.3341,0.014
1.3342,0.004
1.3343,0.006
1.3344,0.012
1.3345,0.012
1.3346,0.01
1.3347,0.008
1.3348,0.01
1.3349,0.004
1.335,-0.006
1.3351,0
1.3352,0.002
1.3353,-0.004
1.3354,0
1.3355,0
1.3356,-0.006
1.3357,-0.014
1.3358,-0.012
1.3359,-0.01
1.336,-0.002
1.3361,-0.002
1.3362,-0.002
1.3363,-0.014
1.3364,-0.022
1.3365,-0.012
1.3366,-0.008
1.3367,-0.024
1.3368,-0.02
1.3369,0
1.337,-0.002
1.3371,-0.02
1.3372,-0.022
1.3373,-0.008
1.3374,-0.006
1.3375,-0.004
1.3376,-0.004
1.3377,0
1.3378,0.004
1.3379,-0.002
1.338,0.004
1.3381,0.01
1.3382,0.012
1.3383,0.018
1.3384,0.024
1.3385,0.022
1.3386,0.012
1.3387,0.022
1.3388,0.028
1.3389,0.024
1.339,0.022
1.3391,0.026
1.3392,0.026
1.3393,0.02
1.3394,0.006
1.3395,0.006
1.3396,0.008
1.3397,0.008
1.3398,0.002
1.3399,-0.002
1.34,-0.002
1.3401,-0.012
1.3402,-0.014
1.3403,-0.016
1.3404,-0.014
1.3405,-0.01
1.3406,-0.008
1.3407,-0.012
1.3408,-0.02
1.3409,-0.02
1.341,-0.012
1.3411,-0.008
1.3412,-0.008
1.3413,-0.004
1.3414,0
1.3415,0.004
1.3416,-0.004
1.3417,-0.002
1.3418,0.006
1.3419,0.012
1.342,0.01
1.3421,0.01
1.3422,0.012
1.3423,0.01
1.3424,0.004
1.3425,0.004
1.3426,0.006
1.3427,0.01
1.3428,0.008
1.3429,0.002
1.343,0.004
1.3431,-0.006
1.3432,-0.006
1.3433,-0.006
1.3434,-0.004
1.3435,-0.004
1.3436,-0.004
1.3437,-0.004
1.3438,-0.012
1.3439,-0.012
1.344,-0.008
1.3441,-0.004
1.3442,-0.004
1.3443,-0.01
1.3444,-0.016
1.3445,-0.012
1.3446,-0.008
1.3447,-0.018
1.3448,-0.022
1.3449,-0.008
1.345,-0.002
1.3451,-0.012
1.3452,-0.016
1.3453,-0.014
1.3454,-0.008
1.3455,-0.006
1.3456,-0.002
1.3457,-0.002
1.3458,0.004
1.3459,0.008
1.346,0.002
1.3461,0.006
1.3462,0.01
1.3463,0.018
1.3464,0.02
1.3465,0.022
1.3466,0.016
1.3467,0.02
1.3468,0.022
1.3469,0.022
1.347,0.02
1.3471,0.022
1.3472,0.024
1.3473,0.022
1.3474,0.018
1.3475,-0.002
1.3476,0.004
1.3477,0.01
1.3478,0.006
1.3479,-0.006
1.348,-0.004
1.3481,-0.006
1.3482,-0.012
1.3483,-0.016
1.3484,-0.014
1.3485,-0.008
1.3486,-0.008
1.3487,-0.01
1.3488,-0.012
1.3489,-0.016
1.349,-0.016
1.3491,-0.01
1.3492,-0.006
1.3493,-0.006
1.3494,0.002
1.3495,0.004
1.3496,0.002
1.3497,-0.004
1.3498,0.002
1.3499,0.008
1.35,0.01
1.3501,0.01
1.3502,0.012
1.3503,0.014
1.3504,0.004
1.3505,0.004
1.3506,0.004
1.3507,0.008
1.3508,0.008
1.3509,0.004
1.351,0.002
1.3511,-0.002
1.3512,-0.006
1.3513,-0.002
1.3514,-0.002
1.3515,-0.004
1.3516,-0.006
1.3517,-0.002
1.3518,-0.004
1.3519,-0.016
1.352,-0.008
1.3521,-0.006
1.3522,0
1.3523,-0.01
1.3524,-0.016
1.3525,-0.01
1.3526,-0.01
1.3527,-0.016
1.3528,-0.022
1.3529,-0.012
1.353,0
1.3531,-0.01
1.3532,-0.014
1.3533,-0.012
1.3534,-0.01
1.3535,-0.008
1.3536,-0.006
1.3537,-0.002
1.3538,0.002
1.3539,0.008
1.354,0.01
1.3541,0.004
1.3542,0.004
1.3543,0.012
1.3544,0.022
1.3545,0.02
1.3546,0.018
1.3547,0.02
1.3548,0.02
1.3549,0.018
1.355,0.018
1.3551,0.018
1.3552,0.022
1.3553,0.022
1.3554,0.016
1.3555,0.008
1.3556,0.004
1.3557,0.006
1.3558,0.004
1.3559,0
1.356,-0.002
1.3561,-0.002
1.3562,-0.004
1.3563,-0.018
1.3564,-0.018
1.3565,-0.014
1.3566,-0.01
1.3567,-0.008
1.3568,-0.012
1.3569,-0.012
1.357,-0.012
1.3571,-0.014
1.3572,-0.01
1.3573,-0.004
1.3574,-0.002
1.3575,0.004
1.3576,0.004
1.3577,0.002
1.3578,-0.004
1.3579,0.004
1.358,0.008
1.3581,0.01
1.3582,0.012
1.3583,0.012
1.3584,0.012
1.3585,0.002
1.3586,0.004
1.3587,0.004
1.3588,0.008
1.3589,0.006
1.359,0.004
1.3591,0.004
1.3592,-0.004
1.3593,-0.006
1.3594,-0.006
1.3595,-0.008
1.3596,-0.002
1.3597,-0.002
1.36,-0.004
1.36,-0.004
1.36,-0.018
1.36,-0.008
1.36,-0.006
1.3603,-0.004
1.3604,-0.012
1.3605,-0.01
1.3606,-0.006
1.3607,-0.012
1.3608,-0.024
1.3609,-0.02
1.361,-0.006
1.3611,-0.004
1.3612,-0.012
1.3613,-0.012
1.3614,-0.008
1.3615,-0.012
1.3616,-0.006
1.3617,-0.008
1.36,-0.002
1.36,0.004
1.36,0.01
1.36,0.008
1.36,0.002
1.3623,0.008
1.3624,0.018
1.3625,0.022
1.3626,0.018
1.3627,0.014
1.3628,0.024
1.3629,0.02
1.363,0.018
1.3631,0.02
1.3632,0.022
1.3633,0.024
1.3634,0.02
1.3635,0.016
1.3636,0.002
1.3637,-0.002
1.3638,0.006
1.3639,0.004
1.364,-0.006
1.3641,-0.008
1.3642,0.002
1.3643,-0.004
1.3644,-0.018
1.3645,-0.022
1.3646,-0.01
1.3647,-0.008
1.3648,-0.012
1.3649,-0.014
1.365,-0.01
1.3651,-0.012
1.3652,-0.016
1.3653,-0.01
1.3654,-0.004
1.3655,0
1.3656,0.004
1.3657,0.006
1.3658,0.004
1.3659,-0.002
1.366,0.006
1.3661,0.008
1.3662,0.01
1.3663,0.01
1.3664,0.014
1.3665,0.012
1.3666,0.002
1.3667,0.004
1.3668,0.006
1.3669,0.008
1.367,0.004
1.3671,0.002
1.3672,0.002
1.3673,-0.008
1.3674,-0.008
1.3675,-0.006
1.3676,-0.004
1.3677,-0.002
1.3678,-0.006
1.3679,-0.006
1.368,-0.008
1.3681,-0.012
1.3682,-0.008
1.3683,-0.006
1.3684,-0.01
1.3685,-0.014
1.3686,-0.008
1.3687,-0.002
1.3688,-0.02
1.3689,-0.024
1.369,-0.014
1.3691,-0.002
1.3692,-0.012
1.3693,-0.012
1.3694,-0.008
1.3695,-0.008
1.3696,-0.006
1.3697,-0.008
1.3698,-0.004
1.3699,0.006
1.37,0.008
1.3701,0.008
1.3702,0.008
1.3703,0.006
1.3704,0.014
1.3705,0.018
1.3706,0.02
1.3707,0.018
1.3708,0.022
1.3709,0.026
1.371,0.016
1.3711,0.014
1.3712,0.018
1.3713,0.022
1.3714,0.022
1.3715,0.016
1.3716,0.008
1.3717,0.004
1.3718,0.002
1.3719,0.002
1.372,-0.002
1.3721,0
1.3722,-0.002
1.3723,-0.006
1.3724,-0.01
1.3725,-0.018
1.3726,-0.014
1.3727,-0.012
1.3728,-0.01
1.3729,-0.012
1.373,-0.008
1.3731,-0.006
1.3732,-0.014
1.3733,-0.012
1.3734,-0.008
1.3735,-0.002
1.3736,0.004
1.3737,0.004
1.3738,0.006
1.3739,0
1.374,0.004
1.3741,0.004
1.3742,0.008
1.3743,0.014
1.3744,0.014
1.3745,0.012
1.3746,0.004
1.3747,0
1.3748,0.002
1.3749,0.006
1.375,0.002
1.3751,0.002
1.3752,0.004
1.3753,0
1.3754,-0.01
1.3755,-0.008
1.3756,-0.006
1.3757,-0.006
1.3758,-0.006
1.3759,-0.002
1.376,-0.004
1.3761,-0.008
1.3762,-0.014
1.3763,-0.008
1.3764,-0.012
1.3765,-0.012
1.3766,-0.004
1.3767,0.002
1.3768,-0.012
1.3769,-0.03
1.377,-0.01
1.3771,-0.006
1.3772,-0.012
1.3773,-0.014
1.3774,-0.004
1.3775,-0.002
1.3776,-0.01
1.3777,-0.012
1.3778,-0.004
1.3779,0.002
1.378,0.008
1.3781,0.008
1.3782,0.012
1.3783,0.008
1.3784,0.004
1.3785,0.018
1.3786,0.018
1.3787,0.016
1.3788,0.022
1.3789,0.028
1.379,0.024
1.3791,0.01
1.3792,0.014
1.3793,0.02
1.3794,0.018
1.3795,0.016
1.3796,0.008
1.3797,0.012
1.3798,0.006
1.3799,-0.002
1.38,-0.008
1.3801,-0.002
1.3802,-0.004
1.3803,-0.004
1.3804,-0.008
1.3805,-0.01
1.3806,-0.02
1.3807,-0.012
1.3808,-0.012
1.3809,-0.014
1.381,-0.008
1.3811,-0.004
1.3812,-0.004
1.3813,-0.014
1.3814,-0.012
1.3815,-0.006
1.3816,0.002
1.3817,0.004
1.3818,0.002
1.3819,0.008
1.382,0.01
1.3821,0.004
1.3822,0.004
1.3823,0.012
1.3824,0.012
1.3825,0.012
1.3826,0.008
1.3827,0.01
1.3828,0
1.3829,0.004
1.383,0.002
1.3831,0.002
1.3832,0.004
1.3833,0.002
1.3834,0.002
1.3835,-0.008
1.3836,-0.006
1.3837,-0.006
1.3838,-0.006
1.3839,-0.004
1.384,-0.004
1.3841,-0.004
1.3842,-0.006
1.3843,-0.012
1.3844,-0.016
1.3845,-0.016
1.3846,-0.008
1.3847,0
1.3848,-0.008
1.3849,-0.022
1.385,-0.018
1.3851,-0.006
1.3852,-0.008
1.3853,-0.018
1.3854,-0.006
1.3855,-0.002
1.3856,-0.002
1.3857,-0.012
1.3858,-0.006
1.3859,-0.002
1.386,0.006
1.3861,0.01
1.3862,0.01
1.3863,0.01
1.3864,0.012
1.3865,0.012
1.3866,0.018
1.3867,0.018
1.3868,0.018
1.3869,0.028
1.387,0.028
1.3871,0.02
1.3872,0.01
1.3873,0.016
1.3874,0.018
1.3875,0.014
1.3876,0.01
1.3877,0.008
1.3878,0.012
1.3879,0
1.388,-0.004
1.3881,-0.01
1.3882,-0.004
1.3883,0
1.3884,-0.008
1.3885,-0.012
1.3886,-0.016
1.3887,-0.014
1.3888,-0.014
1.3889,-0.014
1.389,-0.014
1.3891,-0.006
1.3892,-0.002
1.3893,-0.006
1.3894,-0.014
1.3895,-0.008
1.3896,0.002
1.3897,0.002
1.3898,0.004
1.3899,0.002
1.39,0.01
1.3901,0.008
1.3902,0.004
1.3903,0.006
1.3904,0.012
1.3905,0.012
1.3906,0.01
1.3907,0.008
1.3908,0.004
1.3909,0
1.391,0.002
1.3911,0.002
1.3912,0.002
1.3913,0
1.3914,-0.002
1.3915,0
1.3916,-0.014
1.3917,-0.01
1.3918,-0.008
1.3919,-0.004
1.392,-0.004
1.3921,-0.006
1.3922,-0.004
1.3923,-0.006
1.3924,-0.016
1.3925,-0.016
1.3926,-0.008
1.3927,0
1.3928,-0.012
1.3929,-0.018
1.393,-0.01
1.3931,-0.012
1.3932,-0.014
1.3933,-0.018
1.3934,-0.006
1.3935,0
1.3936,-0.002
1.3937,-0.006
1.3938,-0.012
1.3939,-0.002
1.394,0.004
1.3941,0.006
1.3942,0.012
1.3943,0.01
1.3944,0.016
1.3945,0.014
1.3946,0.012
1.3947,0.012
1.3948,0.02
1.3949,0.028
1.395,0.024
1.3951,0.02
1.3952,0.018
1.3953,0.016
1.3954,0.018
1.3955,0.012
1.3956,0.012
1.3957,0.012
1.3958,0.008
1.3959,0.008
1.396,-0.008
1.3961,-0.004
1.3962,-0.006
1.3963,-0.004
1.3964,-0.004
1.3965,-0.008
1.3966,-0.01
1.3967,-0.014
1.3968,-0.016
1.3969,-0.016
1.397,-0.012
1.3971,-0.006
1.3972,-0.004
1.3973,-0.006
1.3974,-0.01
1.3975,-0.01
1.3976,-0.002
1.3977,0.002
1.3978,0.004
1.3979,0.008
1.398,0.01
1.3981,0.01
1.3982,0.002
1.3983,0.002
1.3984,0.01
1.3985,0.01
1.3986,0.012
1.3987,0.006
1.3988,0.01
1.3989,0.004
1.399,-0.004
1.3991,0
1.3992,0.002
1.3993,0
1.3994,-0.002
1.3995,0
1.3996,-0.004
1.3997,-0.014
1.3998,-0.01
1.3999,-0.004
1.4,-0.006
1.4001,-0.004
1.4002,-0.002
1.4003,0
1.4004,-0.02
1.4005,-0.018
1.4006,-0.008
1.4007,0
1.4008,-0.016
1.4009,-0.016
1.401,-0.006
1.4011,-0.012
1.4012,-0.022
1.4013,-0.018
1.4014,-0.008
1.4015,-0.002
1.4016,-0.002
1.4017,-0.002
1.4018,-0.004
1.4019,-0.008
1.402,0.002
1.4021,0.008
1.4022,0.01
1.4023,0.012
1.4024,0.018
1.4025,0.022
1.4026,0.01
1.4027,0.012
1.4028,0.018
1.4029,0.026
1.403,0.024
1.4031,0.024
1.4032,0.022
1.4033,0.018
1.4034,0.012
1.4035,0.012
1.4036,0.008
1.4037,0.008
1.4038,0.012
1.4039,0.004
1.404,-0.006
1.4041,-0.012
1.4042,-0.004
1.4043,-0.008
1.4044,-0.01
1.4045,-0.01
1.4046,-0.008
1.4047,-0.008
1.4048,-0.02
1.4049,-0.022
1.405,-0.012
1.4051,-0.008
1.4052,-0.004
1.4053,-0.004
1.4054,-0.002
1.4055,-0.006
1.4056,-0.002
1.4057,0.002
1.4058,0.002
1.4059,0.004
1.406,0.01
1.4061,0.012
1.4062,0.012
1.4063,0.002
1.4064,0.006
1.4065,0.01
1.4066,0.008
1.4067,0.008
1.4068,0.01
1.4069,0.01
1.407,-0.002
1.4071,-0.004
1.4072,-0.002
1.4073,0.002
1.4074,-0.002
1.4075,-0.004
1.4076,-0.002
1.4077,-0.006
1.4078,-0.014
1.4079,-0.012
1.408,-0.006
1.4081,-0.006
1.4082,-0.004
1.4083,-0.006
1.4084,-0.012
1.4085,-0.022
1.4086,-0.01
1.4087,-0.01
1.4088,-0.022
1.4089,-0.014
1.409,-0.004
1.4091,-0.006
1.4092,-0.02
1.4093,-0.018
1.4094,-0.006
1.4095,-0.002
1.4096,-0.004
1.4097,-0.002
1.4098,0
1.4099,0.004
1.41,0
1.4101,0.006
1.4102,0.006
1.4103,0.012
1.4104,0.022
1.4105,0.024
1.4106,0.018
1.4107,0.01
1.4108,0.02
1.4109,0.024
1.411,0.02
1.4111,0.02
1.4112,0.024
1.4113,0.024
1.4114,0.01
1.4115,0.006
1.4116,0.002
1.4117,0.008
1.4118,0.008
1.4119,0.002
1.412,-0.004
1.4121,-0.006
1.4122,-0.012
1.4123,-0.012
1.4124,-0.012
1.4125,-0.016
1.4126,-0.01
1.4127,-0.006
1.4128,-0.012
1.4129,-0.02
1.413,-0.014
1.4131,-0.01
1.4132,-0.006
1.4133,-0.002
1.4134,-0.002
1.4135,0.002
1.4136,0
1.4137,-0.004
1.4138,0.004
1.4139,0.008
1.414,0.012
1.4141,0.012
1.4142,0.012
1.4143,0.014
1.4144,0.006
1.4145,0.004
1.4146,0.008
1.4147,0.008
1.4148,0.006
1.4149,0.006
1.415,0.004
1.4151,-0.006
1.4152,-0.008
1.4153,-0.004
1.4154,0
1.4155,-0.004
1.4156,-0.006
1.4157,-0.004
1.4158,-0.006
1.4159,-0.014
1.416,-0.008
1.4161,-0.002
1.4162,-0.002
1.4163,-0.014
1.4164,-0.012
1.4165,-0.002
1.4166,-0.018
1.4167,-0.026
1.4168,-0.016
1.4169,-0.004
1.417,-0.01
1.4171,-0.012
1.4172,-0.012
1.4173,-0.008
1.4174,-0.01
1.4175,-0.006
1.4176,-0.004
1.4177,-0.002
1.4178,0.004
1.4179,0.008
1.418,0.006
1.4181,0.002
1.4182,0.008
1.4183,0.016
1.4184,0.022
1.4185,0.018
1.4186,0.02
1.4187,0.028
1.4188,0.022
1.4189,0.016
1.419,0.018
1.4191,0.02
1.4192,0.024
1.4193,0.02
1.4194,0.012
1.4195,0.006
1.4196,0.004
1.4197,0.004
1.4198,0
1.4199,-0.002
1.42,0
1.4201,0
1.4202,-0.008
1.4203,-0.02
1.4204,-0.016
1.4205,-0.012
1.4206,-0.01
1.4207,-0.012
1.4208,-0.012
1.4209,-0.008
1.421,-0.014
1.4211,-0.014
1.4212,-0.008
1.4213,-0.002
1.4214,0
1.4215,0.004
1.4216,0.004
1.4217,-0.002
1.4218,0.002
1.4219,0.006
1.422,0.01
1.4221,0.008
1.4222,0.014
1.4223,0.012
1.4224,0.008
1.4225,-0.002
1.4226,0.004
1.4227,0.006
1.4228,0.004
1.4229,0.004
1.423,0.004
1.4231,0.002
1.4232,-0.012
1.4233,-0.008
1.4234,-0.006
1.4235,-0.006
1.4236,-0.008
1.4237,-0.004
1.4238,-0.004
1.4239,-0.01
1.424,-0.01
1.4241,-0.008
1.4242,-0.014
1.4243,-0.012
1.4244,-0.002
1.4245,-0.008
1.4246,-0.022
1.4247,-0.026
1.4248,-0.01
1.4249,-0.01
1.425,-0.014
1.4251,-0.01
1.4252,-0.002
1.4253,0.002
1.4254,-0.012
1.4255,-0.008
1.4256,-0.002
1.4257,0.002
1.4258,0.006
1.4259,0.012
1.426,0.01
1.4261,0.006
1.4262,0.012
1.4263,0.018
1.4264,0.018
1.4265,0.016
1.4266,0.02
1.4267,0.026
1.4268,0.018
1.4269,0.01
1.427,0.018
1.4271,0.022
1.4272,0.018
1.4273,0.012
1.4274,0.01
1.4275,0.012
1.4276,-0.002
1.4277,-0.004
1.4278,-0.004
1.4279,0
1.428,-0.004
1.4281,-0.004
1.4282,-0.008
1.4283,-0.016
1.4284,-0.016
1.4285,-0.014
1.4286,-0.012
1.4287,-0.012
1.4288,-0.008
1.4289,-0.004
1.429,-0.01
1.4291,-0.012
1.4292,-0.004
1.4293,0.002
1.4294,0.002
1.4295,0.004
1.4296,0.008
1.4297,0.01
1.4298,-0.002
1.4299,0.004
1.43,0.008
1.4301,0.01
1.4302,0.008
1.4303,0.012
1.4304,0.012
1.4305,0.002
1.4306,0
1.4307,0.006
1.4308,0.006
1.4309,0.002
1.431,0
1.4311,0.002
1.4312,-0.004
1.4313,-0.014
1.4314,-0.01
1.4315,-0.006
1.4316,-0.004
1.4317,-0.004
1.4318,-0.004
1.4319,-0.002
1.432,-0.018
1.4321,-0.02
1.4322,-0.016
1.4323,-0.002
1.4324,-0.012
1.4325,-0.022
1.4326,-0.01
1.4327,-0.01
1.4328,-0.018
1.4329,-0.018
1.433,-0.008
1.4331,-0.008
1.4332,0.002
1.4333,-0.004
1.4334,-0.01
1.4335,-0.01
1.4336,0.002
1.4337,0.008
1.4338,0.01
1.4339,0.012
1.434,0.014
1.4341,0.02
1.4342,0.014
1.4343,0.014
1.4344,0.018
1.4345,0.026
1.4346,0.028
1.4347,0.024
1.4348,0.022
1.4349,0.02
1.435,0.016
1.4351,0.014
1.4352,0.008
1.4353,0.012
1.4354,0.012
1.4355,0.006
1.4356,-0.004
1.4357,-0.012
1.4358,-0.006
1.4359,-0.008
1.436,-0.01
1.4361,-0.01
1.4362,-0.01
1.4363,-0.01
1.4364,-0.018
1.4365,-0.018
1.4366,-0.014
1.4367,-0.008
1.4368,-0.004
1.4369,-0.008
1.437,-0.002
1.4371,-0.004
1.4372,-0.008
1.4373,-0.002
1.4374,0.004
1.4375,0.006
1.4376,0.008
1.4377,0.01
1.4378,0.01
1.4379,0
1.438,0.006
1.4381,0.01
1.4382,0.006
1.4383,0.006
1.4384,0.008
1.4385,0.012
1.4386,0
1.4387,-0.004
1.4388,0
1.4389,0.002
1.439,0
1.4391,-0.002
1.4392,0
1.4393,-0.008
1.4394,-0.016
1.4395,-0.01
1.4396,-0.006
1.4397,-0.006
1.4398,-0.002
1.4399,-0.01
1.44,-0.014
1.4401,-0.018
1.4402,-0.01
1.4403,-0.014
1.4404,-0.02
1.4405,-0.012
1.4406,-0.002
1.4407,-0.01
1.4408,-0.018
1.4409,-0.018
1.441,-0.01
1.4411,-0.002
1.4412,-0.004
1.4413,-0.004
1.4414,0.002
1.4415,0.004
1.4416,-0.002
1.4417,0.004
1.4418,0.01
1.4419,0.016
1.442,0.02
1.4421,0.022
1.4422,0.018
1.4423,0.014
1.4424,0.022
1.4425,0.022
1.4426,0.022
1.4427,0.022
1.4428,0.024
1.4429,0.024
1.443,0.012
1.4431,0.002
1.4432,0.01
1.4433,0.008
1.4434,0.006
1.4435,0.002
1.4436,0.002
1.4437,0
1.4438,-0.018
1.4439,-0.016
1.444,-0.012
1.4441,-0.01
1.4442,-0.01
1.4443,-0.01
1.4444,-0.012
1.4445,-0.016
1.4446,-0.014
1.4447,-0.01
1.4448,-0.006
1.4449,-0.002
1.445,0.002
1.4451,0.006
1.4452,0.002
1.4453,-0.002
1.4454,0.004
1.4455,0.008
1.4456,0.008
1.4457,0.012
1.4458,0.01
1.4459,0.01
1.446,-0.002
1.4461,0.006
1.4462,0.008
1.4463,0.006
1.4464,0.004
1.4465,0.006
1.4466,0.006
1.4467,-0.004
1.4468,-0.006
1.4469,-0.002
1.447,-0.002
1.4471,-0.004
1.4472,-0.004
1.4473,-0.002
1.4474,-0.008
1.4475,-0.016
1.4476,-0.006
1.4477,-0.01
1.4478,-0.018
1.4479,-0.012
1.448,-0.004
1.4481,-0.01
1.4482,-0.032
1.4483,-0.02
1.4484,-0.008
1.4485,-0.01
1.4486,-0.014
1.4487,-0.01
1.4488,-0.002
1.4489,-0.01
1.449,-0.012
1.4491,-0.008
1.4492,-0.002
1.4493,0.002
1.4494,0.008
1.4495,0.012
1.4496,0.01
1.4497,0.004
1.4498,0.016
1.4499,0.022
1.45,0.02
1.4501,0.02
1.4502,0.028
1.4503,0.03
1.4504,0.014
1.4505,0.016
1.4506,0.02
1.4507,0.022
1.4508,0.016
1.4509,0.014
1.451,0.012
1.4511,0.004
1.4512,-0.004
1.4513,-0.006
1.4514,-0.002
1.4515,0
1.4516,-0.004
1.4517,-0.008
1.4518,-0.012
1.4519,-0.018
1.452,-0.014
1.4521,-0.012
1.4522,-0.014
1.4523,-0.012
1.4524,-0.008
1.4525,-0.006
1.4526,-0.014
1.4527,-0.012
1.4528,-0.006
1.4529,-0.002
1.453,0.002
1.4531,0.006
1.4532,0.006
1.4533,0.006
1.4534,0.002
1.4535,0.006
1.4536,0.01
1.4537,0.012
1.4538,0.012
1.4539,0.01
1.454,0.012
1.4541,0.002
1.4542,0.006
1.4543,0.004
1.4544,0.004
1.4545,0.004
1.4546,0.004
1.4547,0.002
1.4548,-0.01
1.4549,-0.01
1.455,-0.008
1.4551,-0.008
1.4552,-0.004
1.4553,-0.002
1.4554,0
1.4555,-0.004
1.4556,-0.022
1.4557,-0.022
1.4558,-0.008
1.4559,-0.002
1.456,-0.016
1.4561,-0.02
1.4562,-0.012
1.4563,-0.014
1.4564,-0.02
1.4565,-0.018
1.4566,-0.01
1.4567,-0.004
1.4568,-0.004
1.4569,-0.004
1.457,-0.008
1.4571,-0.006
1.4572,0.004
1.4573,0.008
1.4574,0.008
1.4575,0.012
1.4576,0.018
1.4577,0.018
1.4578,0.012
1.4579,0.012
1.458,0.02
1.4581,0.028
1.4582,0.028
1.4583,0.024
1.4584,0.024
1.4585,0.018
1.4586,0.016
1.4587,0.012
1.4588,0.01
1.4589,0.012
1.459,0.008
1.4591,0
1.4592,-0.006
1.4593,-0.01
1.4594,-0.01
1.4595,-0.012
1.4596,-0.014
1.4597,-0.01
1.4598,-0.008
1.4599,-0.012
1.46,-0.02
1.4601,-0.014
1.4602,-0.008
1.4603,-0.006
1.4604,-0.004
1.4605,-0.002
1.4606,-0.002
1.4607,-0.008
1.4608,-0.004
1.4609,0
1.461,0.002
1.4611,0.008
1.4612,0.01
1.4613,0.008
1.4614,0.006
1.4615,0.002
1.4616,0.004
1.4617,0.006
1.4618,0.008
1.4619,0.008
1.462,0.008
1.4621,0.004
1.4622,-0.004
1.4623,0
1.4624,0
1.4625,0.002
1.4626,0
1.4627,-0.002
1.4628,-0.002
1.4629,-0.012
1.463,-0.01
1.4631,-0.008
1.4632,-0.002
1.4633,-0.002
1.4634,-0.014
1.4635,-0.014
1.4636,-0.014
1.4637,-0.008
1.4638,-0.022
1.4639,-0.022
1.464,-0.008
1.4641,-0.006
1.4642,-0.016
1.4643,-0.016
1.4644,-0.016
1.4645,-0.01
1.4646,-0.006
1.4647,-0.004
1.4648,0.002
1.4649,0.008
1.465,0.01
1.4651,0.002
1.4652,0.008
1.4653,0.012
1.4654,0.018
1.4655,0.024
1.4656,0.026
1.4657,0.02
1.4658,0.02
1.4659,0.02
1.466,0.018
1.4661,0.018
1.4662,0.024
1.4663,0.026
1.4664,0.022
1.4665,0.014
1.4666,0.002
1.4667,0.008
1.4668,0.008
1.4669,0
1.467,-0.002
1.4671,0.004
1.4672,-0.002
1.4673,-0.018
1.4674,-0.02
1.4675,-0.012
1.4676,-0.01
1.4677,-0.012
1.4678,-0.012
1.4679,-0.012
1.468,-0.012
1.4681,-0.018
1.4682,-0.014
1.4683,-0.008
1.4684,-0.002
1.4685,0.002
1.4686,0.002
1.4687,0.004
1.4688,-0.004
1.4689,0.002
1.469,0.008
1.4691,0.008
1.4692,0.012
1.4693,0.012
1.4694,0.012
1.4695,0.006
1.4696,0.002
1.4697,0.004
1.4698,0.006
1.4699,0.008
1.47,0.006
1.4701,0.002
1.4702,0
1.4703,-0.006
1.4704,-0.006
1.4705,-0.008
1.4706,-0.008
1.4707,-0.006
1.4708,-0.002
1.4709,-0.002
1.471,-0.012
1.4711,-0.014
1.4712,-0.02
1.4713,-0.014
1.4714,-0.006
1.4715,-0.008
1.4716,-0.024
1.4717,-0.018
1.4718,-0.014
1.4719,-0.012
1.472,-0.02
1.4721,-0.012
1.4722,-0.004
1.4723,-0.004
1.4724,-0.004
1.4725,-0.016
1.4726,-0.006
1.4727,0
1.4728,0.01
1.4729,0.012
1.473,0.014
1.4731,0.016
1.4732,0.016
1.4733,0.018
1.4734,0.02
1.4735,0.02
1.4736,0.03
1.4737,0.03
1.4738,0.026
1.4739,0.018
1.474,0.014
1.4741,0.018
1.4742,0.012
1.4743,0.01
1.4744,0.008
1.4745,0.012
1.4746,0.006
1.4747,-0.012
1.4748,-0.012
1.4749,-0.002
1.475,-0.002
1.4751,-0.012
1.4752,-0.012
1.4753,-0.006
1.4754,-0.014
1.4755,-0.016
1.4756,-0.014
1.4757,-0.012
1.4758,-0.008
1.4759,-0.006
1.476,-0.002
1.4761,-0.006
1.4762,-0.01
1.4763,-0.002
1.4764,0.002
1.4765,-0.002
1.4766,0.002
1.4767,0.012
1.4768,0.014
1.4769,0
1.477,0.006
1.4771,0.008
1.4772,0.012
1.4773,0.012
1.4774,0.008
1.4775,0.008
1.4776,0
1.4777,0.002
1.4778,0
1.4779,-0.002
1.478,0.002
1.4781,0.004
1.4782,-0.002
1.4783,-0.01
1.4784,-0.012
1.4785,-0.008
1.4786,-0.008
1.4787,-0.006
1.4788,0
1.4789,-0.012
1.479,-0.018
1.4791,-0.022
1.4792,-0.006
1.4793,-0.02
1.4794,-0.024
1.4795,-0.01
1.4796,-0.002
1.4797,-0.016
1.4798,-0.026
1.4799,-0.012
1.48,-0.006
1.4801,-0.006
1.4802,-0.002
1.4803,-0.004
1.4804,0.002
1.4805,-0.002
1.4806,0.002
1.4807,0.008
1.4808,0.01
1.4809,0.016
1.481,0.024
1.4811,0.026
1.4812,0.018
1.4813,0.012
1.4814,0.024
1.4815,0.026
1.4816,0.018
1.4817,0.02
1.4818,0.028
1.4819,0.02
1.482,0.008
1.4821,0.002
1.4822,0.006
1.4823,0.01
1.4824,0.006
1.4825,-0.002
1.4826,-0.004
1.4827,0
1.4828,-0.014
1.4829,-0.016
1.483,-0.018
1.4831,-0.01
1.4832,-0.01
1.4833,-0.014
1.4834,-0.012
1.4835,-0.024
1.4836,-0.01
1.4837,-0.012
1.4838,-0.002
1.4839,-0.002
1.484,0
1.4841,0.006
1.4842,-0.002
1.4843,-0.006
1.4844,0.004
1.4845,0.016
1.4846,0.018
1.4847,0.008
1.4848,0.012
1.4849,0.012
