1.3475,-0.044
1.34751,-0.036
1.34752,-0.036
1.34753,-0.032
1.34754,-0.024
1.34755,-0.02
1.34756,-0.016
1.34757,-0.012
1.34758,-0.004
1.34759,0
1.3476,0.004
1.34761,0.008
1.34762,0.016
1.34763,0.024
1.34764,0.028
1.34765,0.036
1.34766,0.04
1.34767,0.044
1.34768,0.044
1.34769,0.052
1.3477,0.056
1.34771,0.056
1.34772,0.06
1.34773,0.064
1.34774,0.068
1.34775,0.072
1.34776,0.072
1.34777,0.08
1.34778,0.08
1.34779,0.084
1.3478,0.084
1.34781,0.088
1.34782,0.088
1.34783,0.092
1.34784,0.092
1.34785,0.092
1.34786,0.092
1.34787,0.096
1.34788,0.096
1.34789,0.096
1.3479,0.096
1.34791,0.096
1.34792,0.092
1.34793,0.092
1.34794,0.092
1.34795,0.092
1.34796,0.088
1.34797,0.084
1.34798,0.084
1.34799,0.08
1.348,0.076
1.34801,0.076
1.34802,0.072
1.34803,0.072
1.34804,0.068
1.34805,0.064
1.34806,0.06
1.34807,0.06
1.34808,0.056
1.34809,0.052
1.3481,0.052
1.34811,0.052
1.34812,0.048
1.34813,0.044
1.34814,0.036
1.34815,0.04
1.34816,0.04
1.34817,0.036
1.34818,0.036
1.34819,0.032
1.3482,0.032
1.34821,0.028
1.34822,0.024
1.34823,0.024
1.34824,0.024
1.34825,0.024
1.34826,0.02
1.34827,0.02
1.34828,0.016
1.34829,0.016
1.3483,0.016
1.34831,0.016
1.34832,0.016
1.34833,0.016
1.34834,0.012
1.34835,0.016
1.34836,0.012
1.34837,0.012
1.34838,0.012
1.34839,0.012
1.3484,0.012
1.34841,0.016
1.34842,0.012
1.34843,0.012
1.34844,0.012
1.34845,0.016
1.34846,0.012
1.34847,0.016
1.34848,0.016
1.34849,0.016
1.3485,0.016
1.34851,0.02
1.34852,0.02
1.34853,0.02
1.34854,0.024
1.34855,0.024
1.34856,0.024
1.34857,0.024
1.34858,0.028
1.34859,0.028
1.3486,0.032
1.34861,0.028
1.34862,0.028
1.34863,0.028
1.34864,0.032
1.34865,0.028
1.34866,0.028
1.34867,0.028
1.34868,0.028
1.34869,0.024
1.3487,0.024
1.34871,0.02
1.34872,0.02
1.34873,0.016
1.34874,0.016
1.34875,0.012
1.34876,0.008
1.34877,0.008
1.34878,0.012
1.34879,0.004
1.3488,0.008
1.34881,0.004
1.34882,0.004
1.34883,0.004
1.34884,0
1.34885,-0.004
1.34886,-0.004
1.34887,-0.004
1.34888,-0.008
1.34889,-0.008
1.3489,-0.012
1.34891,-0.012
1.34892,-0.012
1.34893,-0.016
1.34894,-0.016
1.34895,-0.016
1.34896,-0.02
1.34897,-0.02
1.34898,-0.024
1.34899,-0.02
1.349,-0.024
1.34901,-0.024
1.34902,-0.024
1.34903,-0.024
1.34904,-0.028
1.34905,-0.028
1.34906,-0.028
1.34907,-0.028
1.34908,-0.032
1.34909,-0.032
1.3491,-0.028
1.34911,-0.028
1.34912,-0.024
1.34913,-0.028
1.34914,-0.028
1.34915,-0.028
1.34916,-0.024
1.34917,-0.024
1.34918,-0.024
1.34919,-0.024
1.3492,-0.02
1.34921,-0.02
1.34922,-0.02
1.34923,-0.02
1.34924,-0.02
1.34925,-0.02
1.34926,-0.02
1.34927,-0.02
1.34928,-0.024
1.34929,-0.024
1.3493,-0.032
1.34931,-0.036
1.34932,-0.04
1.34933,-0.048
1.34934,-0.052
1.34935,-0.06
1.34936,-0.064
1.34937,-0.068
1.34938,-0.076
1.34939,-0.08
1.3494,-0.084
1.34941,-0.088
1.34942,-0.092
1.34943,-0.096
1.34944,-0.096
1.34945,-0.1
1.34946,-0.104
1.34947,-0.112
1.34948,-0.112
1.34949,-0.116
1.3495,-0.116
1.34951,-0.116
1.34952,-0.112
1.34953,-0.116
1.34954,-0.112
1.34955,-0.112
1.34956,-0.112
1.34957,-0.108
1.34958,-0.104
1.34959,-0.104
1.3496,-0.1
1.34961,-0.1
1.34962,-0.096
1.34963,-0.096
1.34964,-0.096
1.34965,-0.092
1.34966,-0.092
1.34967,-0.092
1.34968,-0.092
1.34969,-0.088
1.3497,-0.088
1.34971,-0.08
1.34972,-0.08
1.34973,-0.076
1.34974,-0.068
1.34975,-0.064
1.34976,-0.068
1.34977,-0.056
1.34978,-0.052
1.34979,-0.048
1.3498,-0.04
1.34981,-0.036
1.34982,-0.032
1.34983,-0.024
1.34984,-0.016
1.34985,-0.012
1.34986,-0.004
1.34987,0.004
1.34988,0.012
1.34989,0.016
1.3499,0.024
1.34991,0.036
1.34992,0.04
1.34993,0.048
1.34994,0.056
1.34995,0.06
1.34996,0.068
1.34997,0.068
1.34998,0.076
1.34999,0.08
1.35,0.084
1.35001,0.088
1.35002,0.092
1.35003,0.092
1.35004,0.092
1.35005,0.092
1.35006,0.096
1.35007,0.096
1.35008,0.1
1.35009,0.096
1.3501,0.096
1.35011,0.092
1.35012,0.1
1.35013,0.092
1.35014,0.092
1.35015,0.088
1.35016,0.084
1.35017,0.084
1.35018,0.08
1.35019,0.076
1.3502,0.072
1.35021,0.076
1.35022,0.072
1.35023,0.072
1.35024,0.064
1.35025,0.064
1.35026,0.064
1.35027,0.068
1.35028,0.064
1.35029,0.064
1.3503,0.06
1.35031,0.06
1.35032,0.056
1.35033,0.052
1.35034,0.048
1.35035,0.044
1.35036,0.044
1.35037,0.04
1.35038,0.036
1.35039,0.032
1.3504,0.032
1.35041,0.024
1.35042,0.028
1.35043,0.024
1.35044,0.02
1.35045,0.016
1.35046,0.016
1.35047,0.012
1.35048,0.008
1.35049,0.008
1.3505,0.008
1.35051,0.004
1.35052,0
1.35053,0
1.35054,0
1.35055,-0.004
1.35056,-0.004
1.35057,-0.004
1.35058,-0.004
1.35059,-0.004
1.3506,-0.004
1.35061,-0.004
1.35062,-0.004
1.35063,-0.004
1.35064,-0.004
1.35065,0
1.35066,0
1.35067,0
1.35068,0.004
1.35069,0.004
1.3507,0.004
1.35071,0.008
1.35072,0.008
1.35073,0.008
1.35074,0.004
1.35075,0.008
1.35076,0.004
1.35077,0.004
1.35078,0.008
1.35079,0.004
1.3508,0
1.35081,0
1.35082,-0.004
1.35083,-0.004
1.35084,-0.012
1.35085,-0.012
1.35086,-0.012
1.35087,-0.016
1.35088,-0.016
1.35089,-0.024
1.3509,-0.028
1.35091,-0.032
1.35092,-0.036
1.35093,-0.04
1.35094,-0.04
1.35095,-0.044
1.35096,-0.048
1.35097,-0.048
1.35098,-0.056
1.35099,-0.056
1.351,-0.06
1.35101,-0.064
1.35102,-0.068
1.35103,-0.068
1.35104,-0.072
1.35105,-0.072
1.35106,-0.072
1.35107,-0.072
1.35108,-0.076
1.35109,-0.076
1.3511,-0.076
1.35111,-0.08
1.35112,-0.08
1.35113,-0.084
1.35114,-0.084
1.35115,-0.084
1.35116,-0.088
1.35117,-0.084
1.35118,-0.088
1.35119,-0.092
1.3512,-0.088
1.35121,-0.088
1.35122,-0.088
1.35123,-0.084
1.35124,-0.08
1.35125,-0.08
1.35126,-0.08
1.35127,-0.076
1.35128,-0.072
1.35129,-0.068
1.3513,-0.068
1.35131,-0.064
1.35132,-0.06
1.35133,-0.056
1.35134,-0.052
1.35135,-0.044
1.35136,-0.036
1.35137,-0.032
1.35138,-0.028
1.35139,-0.02
1.3514,-0.016
1.35141,-0.012
1.35142,-0.004
1.35143,0
1.35144,0.004
1.35145,0.008
1.35146,0.012
1.35147,0.02
1.35148,0.024
1.35149,0.024
1.3515,0.032
1.35151,0.04
1.35152,0.044
1.35153,0.048
1.35154,0.052
1.35155,0.056
1.35156,0.06
1.35157,0.064
1.35158,0.068
1.35159,0.068
1.3516,0.072
1.35161,0.076
1.35162,0.08
1.35163,0.076
1.35164,0.08
1.35165,0.08
1.35166,0.084
1.35167,0.08
1.35168,0.084
1.35169,0.084
1.3517,0.084
1.35171,0.088
1.35172,0.088
1.35173,0.088
1.35174,0.092
1.35175,0.092
1.35176,0.088
1.35177,0.092
1.35178,0.088
1.35179,0.088
1.3518,0.084
1.35181,0.084
1.35182,0.084
1.35183,0.08
1.35184,0.08
1.35185,0.08
1.35186,0.08
1.35187,0.072
1.35188,0.072
1.35189,0.072
1.3519,0.072
1.35191,0.068
1.35192,0.068
1.35193,0.064
1.35194,0.06
1.35195,0.056
1.35196,0.056
1.35197,0.048
1.35198,0.048
1.35199,0.056
1.352,0.044
1.35201,0.044
1.35202,0.04
1.35203,0.04
1.35204,0.036
1.35205,0.032
1.35206,0.032
1.35207,0.028
1.35208,0.028
1.35209,0.024
1.3521,0.024
1.35211,0.024
1.35212,0.02
1.35213,0.02
1.35214,0.02
1.35215,0.016
1.35216,0.02
1.35217,0.016
1.35218,0.016
1.35219,0.02
1.3522,0.012
1.35221,0.016
1.35222,0.012
1.35223,0.012
1.35224,0.012
1.35225,0.012
1.35226,0.012
1.35227,0.008
1.35228,0.012
1.35229,0.008
1.3523,0.012
1.35231,0.016
1.35232,0.012
1.35233,0.012
1.35234,0.012
1.35235,0.016
1.35236,0.012
1.35237,0.012
1.35238,0.012
1.35239,0.012
1.3524,0.012
1.35241,0.012
1.35242,0.012
1.35243,0.016
1.35244,0.016
1.35245,0.016
1.35246,0.02
1.35247,0.02
1.35248,0.02
1.35249,0.02
1.3525,0.02
1.35251,0.024
1.35252,0.02
1.35253,0.02
1.35254,0.024
1.35255,0.024
1.35256,0.024
1.35257,0.024
1.35258,0.016
1.35259,0.016
1.3526,0.02
1.35261,0.012
1.35262,0.012
1.35263,0.012
1.35264,0.008
1.35265,0.008
1.35266,0.008
1.35267,0.008
1.35268,0
1.35269,0.004
1.3527,0
1.35271,0
1.35272,0
1.35273,-0.004
1.35274,-0.004
1.35275,-0.008
1.35276,-0.004
1.35277,-0.004
1.35278,-0.008
1.35279,-0.008
1.3528,-0.012
1.35281,-0.012
1.35282,-0.012
1.35283,-0.016
1.35284,-0.016
1.35285,-0.016
1.35286,-0.02
1.35287,-0.02
1.35288,-0.02
1.35289,-0.02
1.3529,-0.02
1.35291,-0.02
1.35292,-0.024
1.35293,-0.024
1.35294,-0.024
1.35295,-0.024
1.35296,-0.028
1.35297,-0.024
1.35298,-0.024
1.35299,-0.024
1.353,-0.024
1.35301,-0.024
1.35302,-0.02
1.35303,-0.024
1.35304,-0.02
1.35305,-0.02
1.35306,-0.02
1.35307,-0.02
1.35308,-0.02
1.35309,-0.02
1.3531,-0.02
1.35311,-0.02
1.35312,-0.02
1.35313,-0.028
1.35314,-0.032
1.35315,-0.032
1.35316,-0.04
1.35317,-0.044
1.35318,-0.048
1.35319,-0.056
1.3532,-0.056
1.35321,-0.064
1.35322,-0.068
1.35323,-0.076
1.35324,-0.076
1.35325,-0.084
1.35326,-0.088
1.35327,-0.088
1.35328,-0.092
1.35329,-0.092
1.3533,-0.096
1.35331,-0.1
1.35332,-0.104
1.35333,-0.104
1.35334,-0.108
1.35335,-0.108
1.35336,-0.108
1.35337,-0.108
1.35338,-0.108
1.35339,-0.108
1.3534,-0.108
1.35341,-0.108
1.35342,-0.104
1.35343,-0.104
1.35344,-0.104
1.35345,-0.1
1.35346,-0.096
1.35347,-0.096
1.35348,-0.096
1.35349,-0.092
1.3535,-0.092
1.35351,-0.092
1.35352,-0.088
1.35353,-0.088
1.35354,-0.084
1.35355,-0.084
1.35356,-0.084
1.35357,-0.08
1.35358,-0.08
1.35359,-0.072
1.3536,-0.068
1.35361,-0.064
1.35362,-0.064
1.35363,-0.06
1.35364,-0.052
1.35365,-0.052
1.35366,-0.044
1.35367,-0.04
1.35368,-0.032
1.35369,-0.028
1.3537,-0.02
1.35371,-0.016
1.35372,-0.008
1.35373,0.004
1.35374,0.008
1.35375,0.016
1.35376,0.024
1.35377,0.032
1.35378,0.036
1.35379,0.044
1.3538,0.052
1.35381,0.052
1.35382,0.06
1.35383,0.064
1.35384,0.068
1.35385,0.072
1.35386,0.072
1.35387,0.076
1.35388,0.076
1.35389,0.08
1.3539,0.08
1.35391,0.08
1.35392,0.084
1.35393,0.088
1.35394,0.084
1.35395,0.088
1.35396,0.084
1.35397,0.084
1.35398,0.088
1.35399,0.084
1.354,0.084
1.35401,0.084
1.35402,0.084
1.35403,0.084
1.35404,0.08
1.35405,0.08
1.35406,0.08
1.35407,0.08
1.35408,0.076
1.35409,0.072
1.3541,0.076
1.35411,0.072
1.35412,0.072
1.35413,0.068
1.35414,0.068
1.35415,0.064
1.35416,0.068
1.35417,0.064
1.35418,0.06
1.35419,0.056
1.3542,0.056
1.35421,0.052
1.35422,0.048
1.35423,0.044
1.35424,0.044
1.35425,0.04
1.35426,0.036
1.35427,0.036
1.35428,0.028
1.35429,0.024
1.3543,0.024
1.35431,0.024
1.35432,0.02
1.35433,0.016
1.35434,0.012
1.35435,0.012
1.35436,0.008
1.35437,0.004
1.35438,0.008
1.35439,0.004
1.3544,0
1.35441,0.004
1.35442,-0.004
1.35443,-0.004
1.35444,-0.004
1.35445,-0.004
1.35446,0
1.35447,0
1.35448,0
1.35449,-0.004
1.3545,0
1.35451,0
1.35452,0
1.35453,0
1.35454,0.004
1.35455,0.004
1.35456,0.004
1.35457,0
1.35458,0.004
1.35459,0.004
1.3546,0
1.35461,0
1.35462,-0.004
1.35463,-0.004
1.35464,-0.008
1.35465,-0.008
1.35466,-0.008
1.35467,-0.012
1.35468,-0.012
1.35469,-0.012
1.3547,-0.016
1.35471,-0.016
1.35472,-0.02
1.35473,-0.02
1.35474,-0.024
1.35475,-0.028
1.35476,-0.024
1.35477,-0.028
1.35478,-0.032
1.35479,-0.04
1.3548,-0.04
1.35481,-0.04
1.35482,-0.04
1.35483,-0.048
1.35484,-0.052
1.35485,-0.048
1.35486,-0.052
1.35487,-0.052
1.35488,-0.056
1.35489,-0.06
1.3549,-0.064
1.35491,-0.06
1.35492,-0.068
1.35493,-0.064
1.35494,-0.068
1.35495,-0.072
1.35496,-0.076
1.35497,-0.076
1.35498,-0.076
1.35499,-0.08
1.355,-0.08
1.35501,-0.08
1.35502,-0.08
1.35503,-0.084
1.35504,-0.084
1.35505,-0.084
1.35506,-0.084
1.35507,-0.084
1.35508,-0.084
1.35509,-0.08
1.3551,-0.08
1.35511,-0.08
1.35512,-0.08
1.35513,-0.076
1.35514,-0.076
1.35515,-0.072
1.35516,-0.068
1.35517,-0.06
1.35518,-0.06
1.35519,-0.056
1.3552,-0.052
1.35521,-0.044
1.35522,-0.04
1.35523,-0.036
1.35524,-0.028
1.35525,-0.028
1.35526,-0.02
1.35527,-0.012
1.35528,-0.012
1.35529,-0.004
1.3553,0
1.35531,0
1.35532,0.008
1.35533,0.012
1.35534,0.016
1.35535,0.02
1.35536,0.024
1.35537,0.024
1.35538,0.032
1.35539,0.036
1.3554,0.04
1.35541,0.044
1.35542,0.048
1.35543,0.052
1.35544,0.056
1.35545,0.06
1.35546,0.064
1.35547,0.068
1.35548,0.072
1.35549,0.076
1.3555,0.08
1.35551,0.08
1.35552,0.084
1.35553,0.084
1.35554,0.084
1.35555,0.092
1.35556,0.092
1.35557,0.092
1.35558,0.092
1.35559,0.096
1.3556,0.096
1.35561,0.096
1.35562,0.096
1.35563,0.096
1.35564,0.096
1.35565,0.096
1.35566,0.092
1.35567,0.092
1.35568,0.092
1.35569,0.088
1.3557,0.088
1.35571,0.088
1.35572,0.084
1.35573,0.084
1.35574,0.084
1.35575,0.084
1.35576,0.076
1.35577,0.076
1.35578,0.072
1.35579,0.068
1.3558,0.064
1.35581,0.064
1.35582,0.06
1.35583,0.056
1.35584,0.056
1.35585,0.052
1.35586,0.048
1.35587,0.048
1.35588,0.044
1.35589,0.04
1.3559,0.04
1.35591,0.04
1.35592,0.032
1.35593,0.032
1.35594,0.028
1.35595,0.024
1.35596,0.024
1.35597,0.024
1.35598,0.02
1.35599,0.016
1.356,0.02
1.35601,0.016
1.35602,0.016
1.35603,0.012
1.35604,0.012
1.35605,0.008
1.35606,0.008
1.35607,0.008
1.35608,0.004
1.35609,0.004
1.3561,0.004
1.35611,-0.004
1.35612,0
1.35613,-0.004
1.35614,0.004
1.35615,0
1.35616,0
1.35617,0.004
1.35618,0.004
1.35619,0.008
1.3562,0.008
1.35621,0.008
1.35622,0.008
1.35623,0.012
1.35624,0.012
1.35625,0.016
1.35626,0.016
1.35627,0.016
1.35628,0.016
1.35629,0.02
1.3563,0.02
1.35631,0.024
1.35632,0.02
1.35633,0.024
1.35634,0.024
1.35635,0.024
1.35636,0.024
1.35637,0.024
1.35638,0.024
1.35639,0.024
1.3564,0.028
1.35641,0.028
1.35642,0.028
1.35643,0.024
1.35644,0.024
1.35645,0.024
1.35646,0.024
1.35647,0.02
1.35648,0.02
1.35649,0.016
1.3565,0.016
1.35651,0.012
1.35652,0.012
1.35653,0.012
1.35654,0.008
1.35655,0.008
1.35656,0.004
1.35657,0
1.35658,0
1.35659,0
1.3566,0
1.35661,-0.004
1.35662,-0.004
1.35663,-0.012
1.35664,-0.008
1.35665,-0.012
1.35666,-0.012
1.35667,-0.012
1.35668,-0.012
1.35669,-0.02
1.3567,-0.02
1.35671,-0.02
1.35672,-0.02
1.35673,-0.024
1.35674,-0.02
1.35675,-0.02
1.35676,-0.024
1.35677,-0.024
1.35678,-0.028
1.35679,-0.032
1.3568,-0.028
1.35681,-0.032
1.35682,-0.032
1.35683,-0.036
1.35684,-0.032
1.35685,-0.036
1.35686,-0.036
1.35687,-0.036
1.35688,-0.036
1.35689,-0.036
1.3569,-0.032
1.35691,-0.032
1.35692,-0.032
1.35693,-0.028
1.35694,-0.028
1.35695,-0.024
1.35696,-0.024
1.35697,-0.024
1.35698,-0.024
1.35699,-0.028
1.357,-0.032
1.35701,-0.032
1.35702,-0.04
1.35703,-0.044
1.35704,-0.052
1.35705,-0.052
1.35706,-0.06
1.35707,-0.06
1.35708,-0.072
1.35709,-0.076
1.3571,-0.08
1.35711,-0.084
1.35712,-0.084
1.35713,-0.088
1.35714,-0.092
1.35715,-0.092
1.35716,-0.096
1.35717,-0.096
1.35718,-0.1
1.35719,-0.104
1.3572,-0.104
1.35721,-0.108
1.35722,-0.108
1.35723,-0.108
1.35724,-0.108
1.35725,-0.104
1.35726,-0.104
1.35727,-0.1
1.35728,-0.1
1.35729,-0.096
1.3573,-0.096
1.35731,-0.096
1.35732,-0.092
1.35733,-0.092
1.35734,-0.088
1.35735,-0.088
1.35736,-0.088
1.35737,-0.088
1.35738,-0.088
1.35739,-0.084
1.3574,-0.084
1.35741,-0.08
1.35742,-0.08
1.35743,-0.076
1.35744,-0.072
1.35745,-0.068
1.35746,-0.064
1.35747,-0.056
1.35748,-0.056
1.35749,-0.052
1.3575,-0.048
1.35751,-0.044
1.35752,-0.04
1.35753,-0.032
1.35754,-0.028
1.35755,-0.024
1.35756,-0.02
1.35757,-0.012
1.35758,-0.008
1.35759,0
1.3576,0.008
1.35761,0.016
1.35762,0.024
1.35763,0.032
1.35764,0.04
1.35765,0.044
1.35766,0.048
1.35767,0.052
1.35768,0.06
1.35769,0.068
1.3577,0.068
1.35771,0.076
1.35772,0.08
1.35773,0.08
1.35774,0.084
1.35775,0.084
1.35776,0.088
1.35777,0.092
1.35778,0.088
1.35779,0.092
1.3578,0.092
1.35781,0.088
1.35782,0.092
1.35783,0.092
1.35784,0.088
1.35785,0.088
1.35786,0.084
1.35787,0.084
1.35788,0.084
1.35789,0.08
1.3579,0.08
1.35791,0.076
1.35792,0.076
1.35793,0.076
1.35794,0.076
1.35795,0.076
1.35796,0.076
1.35797,0.076
1.35798,0.072
1.35799,0.072
1.358,0.068
1.35801,0.064
1.35802,0.064
1.35803,0.06
1.35804,0.056
1.35805,0.052
1.35806,0.052
1.35807,0.048
1.35808,0.048
1.35809,0.044
1.3581,0.04
1.35811,0.036
1.35812,0.032
1.35813,0.032
1.35814,0.024
1.35815,0.024
1.35816,0.02
1.35817,0.02
1.35818,0.016
1.35819,0.012
1.3582,0.008
1.35821,0.008
1.35822,0.008
1.35823,0.004
1.35824,0.004
1.35825,0
1.35826,-0.004
1.35827,-0.004
1.35828,-0.004
1.35829,-0.008
1.3583,-0.012
1.35831,-0.012
1.35832,-0.012
1.35833,-0.012
1.35834,-0.012
1.35835,-0.012
1.35836,-0.008
1.35837,-0.008
1.35838,-0.008
1.35839,-0.004
1.3584,-0.004
1.35841,-0.004
1.35842,-0.004
1.35843,0
1.35844,-0.004
1.35845,0
1.35846,0
1.35847,-0.004
1.35848,0
1.35849,-0.004
1.3585,-0.004
1.35851,-0.004
1.35852,-0.008
1.35853,-0.008
1.35854,-0.008
1.35855,-0.008
1.35856,-0.012
1.35857,-0.012
1.35858,-0.02
1.35859,-0.02
1.3586,-0.024
1.35861,-0.02
1.35862,-0.024
1.35863,-0.028
1.35864,-0.032
1.35865,-0.032
1.35866,-0.032
1.35867,-0.036
1.35868,-0.04
1.35869,-0.04
1.3587,-0.04
1.35871,-0.044
1.35872,-0.04
1.35873,-0.048
1.35874,-0.052
1.35875,-0.052
1.35876,-0.056
1.35877,-0.064
1.35878,-0.068
1.35879,-0.068
1.3588,-0.076
1.35881,-0.08
1.35882,-0.08
1.35883,-0.08
1.35884,-0.08
1.35885,-0.08
1.35886,-0.08
1.35887,-0.084
1.35888,-0.084
1.35889,-0.084
1.3589,-0.084
1.35891,-0.084
1.35892,-0.084
1.35893,-0.088
1.35894,-0.084
1.35895,-0.088
1.35896,-0.088
1.35897,-0.084
1.35898,-0.088
1.35899,-0.08
1.359,-0.08
1.35901,-0.072
1.35902,-0.068
1.35903,-0.068
1.35904,-0.064
1.35905,-0.06
1.35906,-0.056
1.35907,-0.052
1.35908,-0.048
1.35909,-0.04
1.3591,-0.04
1.35911,-0.032
1.35912,-0.028
1.35913,-0.024
1.35914,-0.016
1.35915,-0.012
1.35916,-0.004
1.35917,0.004
1.35918,0.008
1.35919,0.016
1.3592,0.024
1.35921,0.028
1.35922,0.036
1.35923,0.036
1.35924,0.04
1.35925,0.044
1.35926,0.048
1.35927,0.052
1.35928,0.056
1.35929,0.06
1.3593,0.064
1.35931,0.072
1.35932,0.072
1.35933,0.08
1.35934,0.08
1.35935,0.084
1.35936,0.084
1.35937,0.092
1.35938,0.092
1.35939,0.096
1.3594,0.096
1.35941,0.096
1.35942,0.096
1.35943,0.1
1.35944,0.1
1.35945,0.1
1.35946,0.1
1.35947,0.104
1.35948,0.104
1.35949,0.1
1.3595,0.1
1.35951,0.1
1.35952,0.1
1.35953,0.1
1.35954,0.092
1.35955,0.092
1.35956,0.088
1.35957,0.084
1.35958,0.08
1.35959,0.08
1.3596,0.076
1.35961,0.072
1.35962,0.072
1.35963,0.072
1.35964,0.068
1.35965,0.064
1.35966,0.064
1.35967,0.056
1.35968,0.056
1.35969,0.052
1.3597,0.052
1.35971,0.048
1.35972,0.044
1.35973,0.044
1.35974,0.04
1.35975,0.036
1.35976,0.032
1.35977,0.028
1.35978,0.02
1.35979,0.02
1.3598,0.02
1.35981,0.012
1.35982,0.012
1.35983,0.012
1.35984,0.008
1.35985,0.008
1.35986,0.008
1.35987,0.008
1.35988,0.008
1.36,0.008
1.3599,0.008
1.35991,0.008
1.35992,0.008
1.35993,0.004
1.35994,0.004
1.35995,0.004
1.35996,0
1.35997,0
1.35998,0.004
1.35999,0.004
1.36,0.004
1.36001,0.004
1.36002,0.008
1.36003,0.008
1.36004,0.004
1.36005,0.008
1.36006,0.008
1.36007,0.012
1.36008,0.012
1.36009,0.008
1.3601,0.016
1.36011,0.016
1.36012,0.016
1.36013,0.02
1.36014,0.024
1.36015,0.024
1.36016,0.024
1.36,0.028
1.36,0.024
1.36,0.032
1.36,0.028
1.36,0.028
1.36022,0.028
1.36023,0.032
1.36024,0.032
1.36025,0.032
1.36026,0.032
1.36027,0.032
1.36028,0.032
1.36029,0.028
1.3603,0.028
1.36031,0.028
1.36032,0.024
1.36033,0.02
1.36034,0.02
1.36035,0.02
1.36036,0.016
1.36037,0.012
1.36038,0.012
1.36039,0.008
1.3604,0.008
1.36041,0.008
1.36042,0.004
1.36043,0.004
1.36044,0
1.36045,0
1.36046,-0.004
1.36047,-0.008
1.36048,-0.008
1.36049,-0.012
1.3605,-0.012
1.36051,-0.016
1.36052,-0.02
1.36053,-0.02
1.36054,-0.02
1.36055,-0.024
1.36056,-0.028
1.36057,-0.028
1.36058,-0.028
1.36059,-0.028
1.3606,-0.032
1.36061,-0.028
1.36062,-0.032
1.36063,-0.032
1.36064,-0.032
1.36065,-0.032
1.36066,-0.032
1.36067,-0.028
1.36068,-0.032
1.36069,-0.032
1.3607,-0.032
1.36071,-0.032
1.36072,-0.032
1.36073,-0.032
1.36074,-0.028
1.36075,-0.028
1.36076,-0.028
1.36077,-0.028
1.36078,-0.024
1.36079,-0.024
1.3608,-0.02
1.36081,-0.02
1.36082,-0.02
1.36083,-0.016
1.36084,-0.024
1.36085,-0.02
1.36086,-0.024
1.36087,-0.032
1.36088,-0.032
1.36089,-0.036
1.3609,-0.04
1.36091,-0.052
1.36092,-0.052
1.36093,-0.06
1.36094,-0.068
1.36095,-0.068
1.36096,-0.076
1.36097,-0.08
1.36098,-0.084
1.36099,-0.088
1.361,-0.088
1.36101,-0.088
1.36102,-0.088
1.36103,-0.096
1.36104,-0.092
1.36105,-0.1
1.36106,-0.1
1.36107,-0.108
1.36108,-0.108
1.36109,-0.108
1.3611,-0.108
1.36111,-0.104
1.36112,-0.104
1.36113,-0.104
1.36114,-0.1
1.36115,-0.1
1.36116,-0.096
1.36117,-0.096
1.36118,-0.096
1.36119,-0.096
1.3612,-0.092
1.36121,-0.092
1.36122,-0.092
1.36123,-0.096
1.36124,-0.092
1.36125,-0.092
1.36126,-0.092
1.36127,-0.088
1.36128,-0.088
1.36129,-0.084
1.3613,-0.084
1.36131,-0.076
1.36132,-0.072
1.36133,-0.068
1.36134,-0.068
1.36135,-0.06
1.36136,-0.056
1.36137,-0.052
1.36138,-0.048
1.36139,-0.04
1.3614,-0.032
1.36141,-0.028
1.36142,-0.02
1.36143,-0.016
1.36144,-0.008
1.36145,0.004
1.36146,0.008
1.36147,0.016
1.36148,0.024
1.36149,0.028
1.3615,0.04
1.36151,0.044
1.36152,0.052
1.36153,0.056
1.36154,0.064
1.36155,0.068
1.36156,0.072
1.36157,0.076
1.36158,0.08
1.36159,0.084
1.3616,0.084
1.36161,0.088
1.36162,0.092
1.36163,0.096
1.36164,0.092
1.36165,0.096
1.36166,0.1
1.36167,0.096
1.36168,0.096
1.36169,0.092
1.3617,0.092
1.36171,0.088
1.36172,0.088
1.36173,0.088
1.36174,0.084
1.36175,0.084
1.36176,0.084
1.36177,0.08
1.36178,0.08
1.36179,0.084
1.3618,0.08
1.36181,0.076
1.36182,0.072
1.36183,0.072
1.36184,0.072
1.36185,0.072
1.36186,0.072
1.36187,0.068
1.36188,0.064
1.36189,0.06
1.3619,0.06
1.36191,0.056
1.36192,0.052
1.36193,0.048
1.36194,0.044
1.36195,0.044
1.36196,0.032
1.36197,0.032
1.36198,0.028
1.36199,0.024
1.362,0.02
1.36201,0.016
1.36202,0.016
1.36203,0.012
1.36204,0.008
1.36205,0.008
1.36206,0.004
1.36207,0.004
1.36208,0
1.36209,0
1.3621,0
1.36211,-0.004
1.36212,-0.004
1.36213,-0.004
1.36214,-0.008
1.36215,-0.004
1.36216,-0.008
1.36217,-0.008
1.36218,-0.008
1.36219,-0.008
1.3622,-0.004
1.36221,-0.004
1.36222,-0.004
1.36223,-0.004
1.36224,-0.004
1.36225,-0.004
1.36226,-0.004
1.36227,0
1.36228,0.004
1.36229,0.004
1.3623,0.004
1.36231,0.004
1.36232,0.004
1.36233,0
1.36234,0.004
1.36235,0.004
1.36236,0
1.36237,0
1.36238,-0.004
1.36239,-0.004
1.3624,-0.004
1.36241,-0.008
1.36242,-0.004
1.36243,-0.012
1.36244,-0.012
1.36245,-0.012
1.36246,-0.02
1.36247,-0.02
1.36248,-0.024
1.36249,-0.024
1.3625,-0.032
1.36251,-0.032
1.36252,-0.036
1.36253,-0.04
1.36254,-0.044
1.36255,-0.044
1.36256,-0.044
1.36257,-0.048
1.36258,-0.052
1.36259,-0.056
1.3626,-0.056
1.36261,-0.056
1.36262,-0.056
1.36263,-0.056
1.36264,-0.06
1.36265,-0.064
1.36266,-0.068
1.36267,-0.068
1.36268,-0.076
1.36269,-0.076
1.3627,-0.08
1.36271,-0.08
1.36272,-0.08
1.36273,-0.084
1.36274,-0.088
1.36275,-0.088
1.36276,-0.088
1.36277,-0.088
1.36278,-0.088
1.36279,-0.088
1.3628,-0.084
1.36281,-0.088
1.36282,-0.084
1.36283,-0.084
1.36284,-0.084
1.36285,-0.08
1.36286,-0.076
1.36287,-0.072
1.36288,-0.072
1.36289,-0.064
1.3629,-0.06
1.36291,-0.06
1.36292,-0.052
1.36293,-0.048
1.36294,-0.044
1.36295,-0.04
1.36296,-0.032
1.36297,-0.028
1.36298,-0.02
1.36299,-0.02
1.363,-0.012
1.36301,-0.008
1.36302,0
1.36303,0.004
1.36304,0.008
1.36305,0.012
1.36306,0.016
1.36307,0.024
1.36308,0.028
1.36309,0.032
1.3631,0.036
1.36311,0.04
1.36312,0.048
1.36313,0.052
1.36314,0.052
1.36315,0.06
1.36316,0.06
1.36317,0.064
1.36318,0.064
1.36319,0.068
1.3632,0.072
1.36321,0.072
1.36322,0.08
1.36323,0.08
1.36324,0.084
1.36325,0.084
1.36326,0.088
1.36327,0.088
1.36328,0.088
1.36329,0.088
1.3633,0.088
1.36331,0.092
1.36332,0.092
1.36333,0.092
1.36334,0.096
1.36335,0.092
1.36336,0.092
1.36337,0.092
1.36338,0.092
1.36339,0.092
1.3634,0.088
1.36341,0.092
1.36342,0.088
1.36343,0.08
1.36344,0.08
1.36345,0.076
1.36346,0.076
1.36347,0.072
1.36348,0.072
1.36349,0.068
1.3635,0.064
1.36351,0.06
1.36352,0.06
1.36353,0.056
1.36354,0.056
1.36355,0.052
1.36356,0.048
1.36357,0.048
1.36358,0.044
1.36359,0.04
1.3636,0.036
1.36361,0.04
1.36362,0.036
1.36363,0.032
1.36364,0.032
1.36365,0.032
1.36366,0.028
1.36367,0.024
1.36368,0.024
1.36369,0.024
1.3637,0.02
1.36371,0.02
1.36372,0.02
1.36373,0.016
1.36374,0.02
1.36375,0.016
1.36376,0.016
1.36377,0.016
1.36378,0.012
1.36379,0.012
1.3638,0.012
1.36381,0.012
1.36382,0.008
1.36383,0.008
1.36384,0.008
1.36385,0.008
1.36386,0.008
1.36387,0.008
1.36388,0.008
1.36389,0.008
1.3639,0.008
1.36391,0.008
1.36392,0.012
1.36393,0.008
1.36394,0.012
1.36395,0.012
1.36396,0.016
1.36397,0.016
1.36398,0.016
1.36399,0.016
1.364,0.016
1.36401,0.02
1.36402,0.02
1.36403,0.02
1.36404,0.02
1.36405,0.024
1.36406,0.024
1.36407,0.024
1.36408,0.028
1.36409,0.028
1.3641,0.024
1.36411,0.024
1.36412,0.024
1.36413,0.024
1.36414,0.02
1.36415,0.024
1.36416,0.02
1.36417,0.02
1.36418,0.012
1.36419,0.012
1.3642,0.012
1.36421,0.008
1.36422,0.008
1.36423,0.008
1.36424,0.008
1.36425,0.004
1.36426,0.004
1.36427,0
1.36428,-0.004
1.36429,0
1.3643,-0.004
1.36431,-0.008
1.36432,-0.004
1.36433,-0.008
1.36434,-0.012
1.36435,-0.012
1.36436,-0.008
1.36437,-0.012
1.36438,-0.012
1.36439,-0.012
1.3644,-0.012
1.36441,-0.016
1.36442,-0.012
1.36443,-0.02
1.36444,-0.02
1.36445,-0.024
1.36446,-0.02
1.36447,-0.02
1.36448,-0.02
1.36449,-0.02
1.3645,-0.024
1.36451,-0.024
1.36452,-0.024
1.36453,-0.024
1.36454,-0.024
1.36455,-0.024
1.36456,-0.024
1.36457,-0.024
1.36458,-0.02
1.36459,-0.02
1.3646,-0.024
1.36461,-0.024
1.36462,-0.02
1.36463,-0.02
1.36464,-0.02
1.36465,-0.02
1.36466,-0.02
1.36467,-0.02
1.36468,-0.016
1.36469,-0.016
1.3647,-0.02
1.36471,-0.02
1.36472,-0.016
1.36473,-0.028
1.36474,-0.024
1.36475,-0.032
1.36476,-0.036
1.36477,-0.04
1.36478,-0.048
1.36479,-0.052
1.3648,-0.056
1.36481,-0.064
1.36482,-0.068
1.36483,-0.072
1.36484,-0.08
1.36485,-0.088
1.36486,-0.088
1.36487,-0.092
1.36488,-0.092
1.36489,-0.096
1.3649,-0.1
1.36491,-0.104
1.36492,-0.112
1.36493,-0.108
1.36494,-0.112
1.36495,-0.116
1.36496,-0.116
1.36497,-0.116
1.36498,-0.116
1.36499,-0.112
1.365,-0.112
1.36501,-0.108
1.36502,-0.108
1.36503,-0.104
1.36504,-0.1
1.36505,-0.1
1.36506,-0.096
1.36507,-0.096
1.36508,-0.092
1.36509,-0.092
1.3651,-0.088
1.36511,-0.088
1.36512,-0.088
1.36513,-0.088
1.36514,-0.084
1.36515,-0.088
1.36516,-0.08
1.36517,-0.076
1.36518,-0.072
1.36519,-0.068
1.3652,-0.064
1.36521,-0.06
1.36522,-0.056
1.36523,-0.052
1.36524,-0.044
1.36525,-0.04
1.36526,-0.032
1.36527,-0.028
1.36528,-0.024
1.36529,-0.012
1.3653,-0.008
1.36531,-0.004
1.36532,0.008
1.36533,0.016
1.36534,0.024
1.36535,0.028
1.36536,0.036
1.36537,0.04
1.36538,0.044
1.36539,0.056
1.3654,0.06
1.36541,0.064
1.36542,0.072
1.36543,0.076
1.36544,0.08
1.36545,0.08
1.36546,0.084
1.36547,0.084
1.36548,0.088
1.36549,0.092
1.3655,0.092
1.36551,0.092
1.36552,0.092
1.36553,0.092
1.36554,0.092
1.36555,0.092
1.36556,0.092
1.36557,0.088
1.36558,0.088
1.36559,0.084
1.3656,0.084
1.36561,0.084
1.36562,0.08
1.36563,0.08
1.36564,0.076
1.36565,0.072
1.36566,0.072
1.36567,0.068
1.36568,0.064
1.36569,0.064
1.3657,0.06
1.36571,0.06
1.36572,0.06
1.36573,0.056
1.36574,0.056
1.36575,0.056
1.36576,0.052
1.36577,0.052
1.36578,0.048
1.36579,0.044
1.3658,0.044
1.36581,0.04
1.36582,0.036
1.36583,0.036
1.36584,0.032
1.36585,0.032
1.36586,0.024
1.36587,0.024
1.36588,0.024
1.36589,0.016
1.3659,0.02
1.36591,0.016
1.36592,0.012
1.36593,0.012
1.36594,0.008
1.36595,0.008
1.36596,0.008
1.36597,0
1.36598,0
1.36599,-0.004
1.366,0
1.36601,-0.004
1.36602,0
1.36603,-0.004
1.36604,-0.004
1.36605,-0.004
1.36606,0
1.36607,0
1.36608,0
1.36609,0.004
1.3661,0
1.36611,0.004
1.36612,0.004
1.36613,0.004
1.36614,0.004
1.36615,0.008
1.36616,0.008
1.36617,0.008
1.36618,0.008
1.36619,0.008
1.3662,0.008
1.36621,0.004
1.36622,0.004
1.36623,0.004
1.36624,0
1.36625,0.004
1.36626,0
1.36627,-0.004
1.36628,-0.004
1.36629,-0.008
1.3663,-0.008
1.36631,-0.012
1.36632,-0.016
1.36633,-0.02
1.36634,-0.02
1.36635,-0.024
1.36636,-0.032
1.36637,-0.036
1.36638,-0.036
1.36639,-0.04
1.3664,-0.048
1.36641,-0.044
1.36642,-0.052
1.36643,-0.052
1.36644,-0.052
1.36645,-0.052
1.36646,-0.052
1.36647,-0.052
1.36648,-0.056
1.36649,-0.06
1.3665,-0.06
1.36651,-0.068
1.36652,-0.064
1.36653,-0.072
1.36654,-0.072
1.36655,-0.076
1.36656,-0.076
1.36657,-0.08
1.36658,-0.084
1.36659,-0.084
1.3666,-0.088
1.36661,-0.088
1.36662,-0.092
1.36663,-0.092
1.36664,-0.088
1.36665,-0.088
1.36666,-0.088
1.36667,-0.088
1.36668,-0.088
1.36669,-0.088
1.3667,-0.084
1.36671,-0.088
1.36672,-0.08
1.36673,-0.08
1.36674,-0.076
1.36675,-0.072
1.36676,-0.072
1.36677,-0.064
1.36678,-0.06
1.36679,-0.056
1.3668,-0.048
1.36681,-0.048
1.36682,-0.04
1.36683,-0.032
1.36684,-0.028
1.36685,-0.02
1.36686,-0.012
1.36687,-0.012
1.36688,-0.008
1.36689,-0.004
1.3669,0.004
1.36691,0.008
1.36692,0.012
1.36693,0.02
1.36694,0.024
1.36695,0.028
1.36696,0.032
1.36697,0.04
1.36698,0.044
1.36699,0.044
1.367,0.048
1.36701,0.052
1.36702,0.06
1.36703,0.064
1.36704,0.064
1.36705,0.068
1.36706,0.072
1.36707,0.076
1.36708,0.076
1.36709,0.08
1.3671,0.084
1.36711,0.084
1.36712,0.088
1.36713,0.088
1.36714,0.088
1.36715,0.092
1.36716,0.092
1.36717,0.096
1.36718,0.096
1.36719,0.1
1.3672,0.096
1.36721,0.1
1.36722,0.1
1.36723,0.096
1.36724,0.096
1.36725,0.1
1.36726,0.096
1.36727,0.092
1.36728,0.092
1.36729,0.088
1.3673,0.088
1.36731,0.084
1.36732,0.084
1.36733,0.08
1.36734,0.08
1.36735,0.076
1.36736,0.072
1.36737,0.068
1.36738,0.064
1.36739,0.064
1.3674,0.056
1.36741,0.06
1.36742,0.052
1.36743,0.052
1.36744,0.048
1.36745,0.048
1.36746,0.044
1.36747,0.044
1.36748,0.044
1.36749,0.044
1.3675,0.04
1.36751,0.036
1.36752,0.032
1.36753,0.028
1.36754,0.024
1.36755,0.024
1.36756,0.024
1.36757,0.02
1.36758,0.02
1.36759,0.02
1.3676,0.016
1.36761,0.012
1.36762,0.012
1.36763,0.008
1.36764,0.008
1.36765,0.008
1.36766,0.008
1.36767,0.008
1.36768,0.004
1.36769,0.004
1.3677,0
1.36771,0.004
1.36772,0.004
1.36773,0.004
1.36774,0.004
1.36775,0.004
1.36776,0
1.36777,0.008
1.36778,0.004
1.36779,0.004
1.3678,0.008
1.36781,0.008
1.36782,0.008
1.36783,0.008
1.36784,0.008
1.36785,0.008
1.36786,0.012
1.36787,0.008
1.36788,0.012
1.36789,0.012
1.3679,0.012
1.36791,0.016
1.36792,0.016
1.36793,0.02
1.36794,0.024
1.36795,0.024
1.36796,0.024
1.36797,0.024
1.36798,0.024
1.36799,0.024
1.368,0.024
1.36801,0.024
1.36802,0.024
1.36803,0.024
1.36804,0.02
1.36805,0.02
1.36806,0.02
1.36807,0.016
1.36808,0.016
1.36809,0.016
1.3681,0.012
1.36811,0.012
1.36812,0.012
1.36813,0.008
1.36814,0.008
1.36815,0.008
1.36816,0.004
1.36817,0
1.36818,0
1.36819,0
1.3682,0
1.36821,-0.004
1.36822,-0.004
1.36823,-0.004
1.36824,-0.004
1.36825,-0.004
1.36826,-0.004
1.36827,-0.008
1.36828,-0.012
1.36829,-0.012
1.3683,-0.012
1.36831,-0.016
1.36832,-0.016
1.36833,-0.02
1.36834,-0.016
1.36835,-0.02
1.36836,-0.02
1.36837,-0.02
1.36838,-0.02
1.36839,-0.024
1.3684,-0.028
1.36841,-0.028
1.36842,-0.028
1.36843,-0.028
1.36844,-0.024
1.36845,-0.028
1.36846,-0.028
1.36847,-0.028
1.36848,-0.032
1.36849,-0.028
1.3685,-0.024
1.36851,-0.024
1.36852,-0.024
1.36853,-0.024
1.36854,-0.024
1.36855,-0.024
1.36856,-0.024
1.36857,-0.024
1.36858,-0.024
1.36859,-0.028
1.3686,-0.036
1.36861,-0.04
1.36862,-0.044
1.36863,-0.048
1.36864,-0.056
1.36865,-0.06
1.36866,-0.064
1.36867,-0.068
1.36868,-0.076
1.36869,-0.076
1.3687,-0.084
1.36871,-0.088
1.36872,-0.088
1.36873,-0.088
1.36874,-0.092
1.36875,-0.096
1.36876,-0.096
1.36877,-0.096
1.36878,-0.1
1.36879,-0.104
1.3688,-0.104
1.36881,-0.108
1.36882,-0.108
1.36883,-0.108
1.36884,-0.108
1.36885,-0.108
1.36886,-0.104
1.36887,-0.104
1.36888,-0.1
1.36889,-0.1
1.3689,-0.096
1.36891,-0.092
1.36892,-0.092
1.36893,-0.088
1.36894,-0.088
1.36895,-0.088
1.36896,-0.084
1.36897,-0.084
1.36898,-0.084
1.36899,-0.08
1.369,-0.08
1.36901,-0.076
1.36902,-0.076
1.36903,-0.072
1.36904,-0.072
1.36905,-0.068
1.36906,-0.064
1.36907,-0.06
1.36908,-0.052
1.36909,-0.052
1.3691,-0.044
1.36911,-0.04
1.36912,-0.036
1.36913,-0.028
1.36914,-0.028
1.36915,-0.02
1.36916,-0.016
1.36917,-0.012
1.36918,-0.004
1.36919,0.004
1.3692,0.012
1.36921,0.02
1.36922,0.028
1.36923,0.032
1.36924,0.04
1.36925,0.044
1.36926,0.052
1.36927,0.06
1.36928,0.064
1.36929,0.064
1.3693,0.064
1.36931,0.072
1.36932,0.072
1.36933,0.072
1.36934,0.076
1.36935,0.08
1.36936,0.08
1.36937,0.08
1.36938,0.08
1.36939,0.08
1.3694,0.084
1.36941,0.084
1.36942,0.084
1.36943,0.084
1.36944,0.084
1.36945,0.084
1.36946,0.08
1.36947,0.08
1.36948,0.08
1.36949,0.076
1.3695,0.08
1.36951,0.072
1.36952,0.072
1.36953,0.072
1.36954,0.072
1.36955,0.072
1.36956,0.072
1.36957,0.064
1.36958,0.068
1.36959,0.068
1.3696,0.064
1.36961,0.064
1.36962,0.06
1.36963,0.06
1.36964,0.056
1.36965,0.056
1.36966,0.052
1.36967,0.048
1.36968,0.044
1.36969,0.044
1.3697,0.04
1.36971,0.04
1.36972,0.036
1.36973,0.036
1.36974,0.028
1.36975,0.024
1.36976,0.028
1.36977,0.024
1.36978,0.02
1.36979,0.016
1.3698,0.012
1.36981,0.012
1.36982,0.008
1.36983,0.008
1.36984,0.008
1.36985,0.008
1.36986,0.004
1.36987,0.004
1.36988,0.004
1.36989,0
1.3699,0
1.36991,0
1.36992,0
1.36993,0.004
1.36994,0
1.36995,0
1.36996,0
1.36997,0
1.36998,0
1.36999,0.004
1.37,0.004
1.37001,0
1.37002,0.004
1.37003,0.004
1.37004,0
1.37005,0
1.37006,-0.004
1.37007,-0.004
1.37008,-0.004
1.37009,-0.008
1.3701,-0.004
1.37011,-0.008
1.37012,-0.008
1.37013,-0.012
1.37014,-0.012
1.37015,-0.016
1.37016,-0.016
1.37017,-0.02
1.37018,-0.02
1.37019,-0.024
1.3702,-0.024
1.37021,-0.024
1.37022,-0.028
1.37023,-0.032
1.37024,-0.032
1.37025,-0.036
1.37026,-0.04
1.37027,-0.044
1.37028,-0.044
1.37029,-0.048
1.3703,-0.052
1.37031,-0.052
1.37032,-0.052
1.37033,-0.056
1.37034,-0.06
1.37035,-0.06
1.37036,-0.06
1.37037,-0.064
1.37038,-0.06
1.37039,-0.064
1.3704,-0.068
1.37041,-0.068
1.37042,-0.068
1.37043,-0.072
1.37044,-0.076
1.37045,-0.076
1.37046,-0.076
1.37047,-0.076
1.37048,-0.072
1.37049,-0.076
1.3705,-0.076
1.37051,-0.076
1.37052,-0.076
1.37053,-0.076
1.37054,-0.076
1.37055,-0.072
1.37056,-0.076
1.37057,-0.072
1.37058,-0.076
1.37059,-0.072
1.3706,-0.068
1.37061,-0.068
1.37062,-0.068
1.37063,-0.06
1.37064,-0.06
1.37065,-0.06
1.37066,-0.056
1.37067,-0.052
1.37068,-0.048
1.37069,-0.044
1.3707,-0.036
1.37071,-0.032
1.37072,-0.028
1.37073,-0.02
1.37074,-0.016
1.37075,-0.012
1.37076,-0.008
1.37077,-0.004
1.37078,0.004
1.37079,0.008
1.3708,0.012
1.37081,0.016
1.37082,0.024
1.37083,0.024
1.37084,0.028
1.37085,0.032
1.37086,0.04
1.37087,0.04
1.37088,0.048
1.37089,0.048
1.3709,0.056
1.37091,0.06
1.37092,0.06
1.37093,0.068
1.37094,0.072
1.37095,0.072
1.37096,0.076
1.37097,0.08
1.37098,0.084
1.37099,0.084
1.371,0.088
1.37101,0.092
1.37102,0.092
1.37103,0.096
1.37104,0.096
1.37105,0.092
1.37106,0.096
1.37107,0.1
1.37108,0.096
1.37109,0.1
1.3711,0.1
1.37111,0.1
1.37112,0.096
1.37113,0.1
1.37114,0.096
1.37115,0.092
1.37116,0.096
1.37117,0.092
1.37118,0.092
1.37119,0.092
1.3712,0.092
1.37121,0.088
1.37122,0.084
1.37123,0.08
1.37124,0.08
1.37125,0.08
1.37126,0.076
1.37127,0.072
1.37128,0.068
1.37129,0.064
1.3713,0.06
1.37131,0.056
1.37132,0.052
1.37133,0.048
1.37134,0.044
1.37135,0.04
1.37136,0.04
1.37137,0.036
1.37138,0.032
1.37139,0.028
1.3714,0.024
1.37141,0.024
1.37142,0.02
1.37143,0.016
1.37144,0.016
1.37145,0.012
1.37146,0.012
1.37147,0.008
1.37148,0.008
1.37149,0.008
1.3715,0.004
1.37151,0.004
1.37152,0
1.37153,0
1.37154,-0.004
1.37155,-0.004
1.37156,-0.008
1.37157,-0.008
1.37158,-0.008
1.37159,-0.008
1.3716,-0.008
1.37161,-0.008
1.37162,-0.008
1.37163,-0.008
1.37164,-0.004
1.37165,-0.008
1.37166,-0.004
1.37167,-0.004
1.37168,-0.004
1.37169,-0.004
1.3717,0
1.37171,0.004
1.37172,0.008
1.37173,0.004
1.37174,0.008
1.37175,0.012
1.37176,0.012
1.37177,0.012
1.37178,0.016
1.37179,0.02
1.3718,0.02
1.37181,0.024
1.37182,0.024
1.37183,0.024
1.37184,0.028
1.37185,0.032
1.37186,0.028
1.37187,0.032
1.37188,0.032
1.37189,0.032
1.3719,0.032
1.37191,0.032
1.37192,0.028
1.37193,0.028
1.37194,0.028
1.37195,0.028
1.37196,0.028
1.37197,0.024
1.37198,0.024
1.37199,0.024
1.372,0.02
1.37201,0.016
1.37202,0.016
1.37203,0.016
1.37204,0.016
1.37205,0.012
1.37206,0.012
1.37207,0.008
1.37208,0.008
1.37209,0
1.3721,0.004
1.37211,-0.004
1.37212,-0.008
1.37213,-0.004
1.37214,-0.008
1.37215,-0.012
1.37216,-0.012
1.37217,-0.012
1.37218,-0.016
1.37219,-0.016
1.3722,-0.02
1.37221,-0.02
1.37222,-0.02
1.37223,-0.02
1.37224,-0.028
1.37225,-0.028
1.37226,-0.028
1.37227,-0.036
1.37228,-0.036
1.37229,-0.036
1.3723,-0.04
1.37231,-0.04
1.37232,-0.04
1.37233,-0.04
1.37234,-0.04
1.37235,-0.04
1.37236,-0.04
1.37237,-0.04
1.37238,-0.04
1.37239,-0.04
1.3724,-0.036
1.37241,-0.032
1.37242,-0.036
1.37243,-0.032
1.37244,-0.036
1.37245,-0.036
1.37246,-0.04
1.37247,-0.04
1.37248,-0.044
1.37249,-0.048
